"Ativo","Nome","Classe","Subsetor Bovespa","Tipo de Ativo","Bolsa / Fonte","Código"
"TTEN3<XBSP>","3tentos","ON","Agropecuária","Aįão","Bovespa","TTEN3"
"QVUM3B<XBSP>","521 Particip","ON","-","Aįão","Bovespa","QVUM3B"
"QVQP3<XBSP>","524 Particip","ON","Outros","Aįão","Bovespa","QVQP3"
"APPA3<XBSP>","A P Participacoes","ON","-","Aįão","Bovespa","APPA3"
"APPA4<XBSP>","A P Participacoes","PN","-","Aįão","Bovespa","APPA4"
"ABYA3<XBSP>","Abyara","ON","-","Aįão","Bovespa","ABYA3"
"EALT3<XBSP>","Aco Altona","ON","Máquinas e equipamentos","Aįão","Bovespa","EALT3"
"EALT4<XBSP>","Aco Altona","PN","Máquinas e equipamentos","Aįão","Bovespa","EALT4"
"AVIL3<XBSP>","Acos Vill","ON","-","Aįão","Bovespa","AVIL3"
"AVIL4<XBSP>","Acos Vill","PN","-","Aįão","Bovespa","AVIL4"
"ADHM3<XBSP>","Advanced-Dh","ON","Serviįos médico-hospitalares análises e diagnósticos","Aįão","Bovespa","ADHM3"
"AERI3<XBSP>","Aeris","ON","Máquinas e equipamentos","Aįão","Bovespa","AERI3"
"AESB3<XBSP>","AES Brasil","ON","Energia elétrica","Aįão","Bovespa","AESB3"
"TIET3<XBSP>","AES Brasil","ON-old","Energia elétrica","Aįão","Bovespa","TIET3"
"TIET4<XBSP>","AES Brasil","PN","Energia elétrica","Aįão","Bovespa","TIET4"
"AELP3<XBSP>","AES Elpa","ON","Outros","Aįão","Bovespa","AELP3"
"AESL3<XBSP>","AES Sul","ON","-","Aįão","Bovespa","AESL3"
"AESL4<XBSP>","AES Sul","PN","-","Aįão","Bovespa","AESL4"
"GETI3<XBSP>","AES Tiete","ON","-","Aįão","Bovespa","GETI3"
"GETI4<XBSP>","AES Tiete","PN","-","Aįão","Bovespa","GETI4"
"AESO3<XBSP>","Aesoperacoes","ON","Energia elétrica","Aįão","Bovespa","AESO3"
"AETA3<XBSP>","Aetatis Sec","ON","-","Aįão","Bovespa","AETA3"
"AFLU3<XBSP>","Afluente","ON","Energia elétrica","Aįão","Bovespa","AFLU3"
"AFLU5<XBSP>","Afluente","PNA","Energia elétrica","Aįão","Bovespa","AFLU5"
"AFLU6<XBSP>","Afluente","PNB","Energia elétrica","Aįão","Bovespa","AFLU6"
"AFLT3<XBSP>","Afluente T","ON","Energia elétrica","Aįão","Bovespa","AFLT3"
"ANDG3B<XBSP>","AGconcessoes","ON","Holdings diversificadas","Aįão","Bovespa","ANDG3B"
"ANDG4B<XBSP>","AGconcessoes","PN","Holdings diversificadas","Aįão","Bovespa","ANDG4B"
"BSGR3<XBSP>","AGF Brasil","ON","-","Aįão","Bovespa","BSGR3"
"CANT3B<XBSP>","Agpart","ON","Holdings diversificadas","Aįão","Bovespa","CANT3B"
"CANT4B<XBSP>","Agpart","PN","Holdings diversificadas","Aįão","Bovespa","CANT4B"
"AGIN3<XBSP>","Agra Incorp","ON","-","Aįão","Bovespa","AGIN3"
"AGRA4<XBSP>","Agrale","PN","-","Aįão","Bovespa","AGRA4"
"AGEI3<XBSP>","Agre Emp Imo","ON","-","Aįão","Bovespa","AGEI3"
"AGEN33<XBSP>","Agrenco","ON","Comércio e distribuiįão","Aįão","Bovespa","AGEN33"
"GRAO3<XBSP>","Agribrasil","ON","Agropecuária","Aįão","Bovespa","GRAO3"
"SAGR4<XBSP>","Agroceres","PN","-","Aįão","Bovespa","SAGR4"
"AGXY3<XBSP>","Agrogalaxy","ON","Agropecuária","Aįão","Bovespa","AGXY3"
"ALBA3<XBSP>","Albarus","ON","-","Aįão","Bovespa","ALBA3"
"BRGE3<XBSP>","Alfa Consorc","ON","Previdęncia e seguros","Aįão","Bovespa","BRGE3"
"BRGE5<XBSP>","Alfa Consorc","PNA","Previdęncia e seguros","Aįão","Bovespa","BRGE5"
"BRGE6<XBSP>","Alfa Consorc","PNB","Previdęncia e seguros","Aįão","Bovespa","BRGE6"
"BRGE7<XBSP>","Alfa Consorc","PNC","Previdęncia e seguros","Aįão","Bovespa","BRGE7"
"BRGE8<XBSP>","Alfa Consorc","PND","Previdęncia e seguros","Aįão","Bovespa","BRGE8"
"BRGE11<XBSP>","Alfa Consorc","PNE","Previdęncia e seguros","Aįão","Bovespa","BRGE11"
"BRGE12<XBSP>","Alfa Consorc","PNF","Previdęncia e seguros","Aįão","Bovespa","BRGE12"
"ALSC3<XBSP>","Aliansce","ON","Exploraįão de imóveis","Aįão","Bovespa","ALSC3"
"APTI3<XBSP>","Aliperti","ON","Agropecuária","Aįão","Bovespa","APTI3"
"APTI4<XBSP>","Aliperti","PN","Agropecuária","Aįão","Bovespa","APTI4"
"FRRN3B<XBSP>","All Norte","ON","Transporte","Aįão","Bovespa","FRRN3B"
"FRRN5B<XBSP>","All Norte","PNA","Transporte","Aįão","Bovespa","FRRN5B"
"FRRN6B<XBSP>","All Norte","PNB","Transporte","Aįão","Bovespa","FRRN6B"
"AALR3<XBSP>","Alliar","ON","Serviįos médico-hospitalares análises e diagnósticos","Aįão","Bovespa","AALR3"
"ALLD3<XBSP>","Allied","ON","Comércio","Aįão","Bovespa","ALLD3"
"SAGP3B<XBSP>","Allis Part","ON","-","Aįão","Bovespa","SAGP3B"
"ALOS3<XBSP>","Allos","ON","Exploraįão de imóveis","Aįão","Bovespa","ALOS3"
"ALPA3<XBSP>","Alpargatas","ON","Tecidos vestuário e calįados","Aįão","Bovespa","ALPA3"
"ALPA4<XBSP>","Alpargatas","PN","Tecidos vestuário e calįados","Aįão","Bovespa","ALPA4"
"APER3<XBSP>","Alper S.A.","ON","Previdęncia e seguros","Aįão","Bovespa","APER3"
"AVLL3<XBSP>","Alphaville","ON","Construįão civil","Aįão","Bovespa","AVLL3"
"ALTR3<XBSP>","Altere Sec","ON","-","Aįão","Bovespa","ALTR3"
"ALTS3<XBSP>","Altus S/A","ON","Serviįos diversos","Aįão","Bovespa","ALTS3"
"ALTS11<XBSP>","Altus S/A","PN Resg","Serviįos diversos","Aįão","Bovespa","ALTS11"
"ALUP3<XBSP>","Alupar","ON","Energia elétrica","Aįão","Bovespa","ALUP3"
"ALUP4<XBSP>","Alupar","PN","Energia elétrica","Aįão","Bovespa","ALUP4"
"ALUP11<XBSP>","Alupar","UNT N2","Energia elétrica","Aįão","Bovespa","ALUP11"
"ACES3<XBSP>","Am Inox BR","ON","-","Aįão","Bovespa","ACES3"
"ACES4<XBSP>","Am Inox BR","PN","-","Aįão","Bovespa","ACES4"
"ROSI4<XBSP>","Amadeo Rossi","PN","-","Aįão","Bovespa","ROSI4"
"TMAC3B<XBSP>","Amazonia Celular","ON","-","Aįão","Bovespa","TMAC3B"
"TMAC5B<XBSP>","Amazonia Celular","PNA","-","Aįão","Bovespa","TMAC5B"
"TMAC6B<XBSP>","Amazonia Celular","PNB","-","Aįão","Bovespa","TMAC6B"
"TMAC7B<XBSP>","Amazonia Celular","PNC","-","Aįão","Bovespa","TMAC7B"
"TMAC8B<XBSP>","Amazonia Celular","PND","-","Aįão","Bovespa","TMAC8B"
"TMAC11B<XBSP>","Amazonia Celular","PNE","-","Aįão","Bovespa","TMAC11B"
"ABEV3<XBSP>","Ambev S/A","ON","Bebidas","Aįão","Bovespa","ABEV3"
"AMBV4<XBSP>","Ambev S/A","PN","Bebidas","Aįão","Bovespa","AMBV4"
"AMBP3<XBSP>","Ambipar","ON","Água e saneamento","Aįão","Bovespa","AMBP3"
"AMLC4<XBSP>","Amelco","PN","-","Aįão","Bovespa","AMLC4"
"BASU5<XBSP>","America do Sul","PNA","-","Aįão","Bovespa","BASU5"
"AMER3<XBSP>","Americanas","ON","Comércio","Aįão","Bovespa","AMER3"
"AMIL3<XBSP>","Amil","ON","-","Aįão","Bovespa","AMIL3"
"CBEE3<XBSP>","Ampla Energ","ON","Energia elétrica","Aįão","Bovespa","CBEE3"
"AMPI3<XBSP>","Ampla Invest","ON","-","Aįão","Bovespa","AMPI3"
"IRON3<XBSP>","Anglo Brazil","ON","-","Aįão","Bovespa","IRON3"
"AEDU3<XBSP>","Anhanguera","ON","-","Aįão","Bovespa","AEDU3"
"AEDU4<XBSP>","Anhanguera","PN","-","Aįão","Bovespa","AEDU4"
"AEDU11<XBSP>","Anhanguera","UNT N2","-","Aįão","Bovespa","AEDU11"
"ANIM3<XBSP>","Anima","ON","Diversos","Aįão","Bovespa","ANIM3"
"IBAN3<XBSP>","Antarct Nordeste","ON","-","Aįão","Bovespa","IBAN3"
"IBAN5<XBSP>","Antarct Nordeste","PNA","-","Aįão","Bovespa","IBAN5"
"ITLM5<XBSP>","Antarctica MG","PNA","-","Aįão","Bovespa","ITLM5"
"ANTA3<XBSP>","Antarctica Paulista","ON","-","Aįão","Bovespa","ANTA3"
"ANTA4<XBSP>","Antarctica Paulista","PN","-","Aįão","Bovespa","ANTA4"
"ANPB3<XBSP>","Antarctica Pb","ON","-","Aįão","Bovespa","ANPB3"
"ANPB5<XBSP>","Antarctica Pb","PNA","-","Aįão","Bovespa","ANPB5"
"IBPI5<XBSP>","Antarctica Pi","PNA","-","Aįão","Bovespa","IBPI5"
"IBPI6<XBSP>","Antarctica Pi","PNB","-","Aįão","Bovespa","IBPI6"
"AQT4<XBSP>","Aquatec","PN","-","Aįão","Bovespa","AQT4"
"ARCZ3<XBSP>","Aracruz","ON","-","Aįão","Bovespa","ARCZ3"
"ARCZ5<XBSP>","Aracruz","PNA","-","Aįão","Bovespa","ARCZ5"
"ARCZ6<XBSP>","Aracruz","PNB","-","Aįão","Bovespa","ARCZ6"
"ARND3<XBSP>","Arandu","ON","Programas e serviįos","Aįão","Bovespa","ARND3"
"VDNP3B<XBSP>","Araucaria","ON","-","Aįão","Bovespa","VDNP3B"
"ARCE3<XBSP>","Arcelor BR","ON","-","Aįão","Bovespa","ARCE3"
"ARCE4<XBSP>","Arcelor BR","PN","-","Aįão","Bovespa","ARCE4"
"ARML3<XBSP>","Armac","ON","Máquinas e equipamentos","Aįão","Bovespa","ARML3"
"ARNO4<XBSP>","Arno","PN","-","Aįão","Bovespa","ARNO4"
"ATBS3<XBSP>","Arteb","ON","-","Aįão","Bovespa","ATBS3"
"ARTR3<XBSP>","Arteris","ON","Transporte","Aįão","Bovespa","ARTR3"
"ARLA3<XBSP>","Arthur Lange","ON","-","Aįão","Bovespa","ARLA3"
"ARLA4<XBSP>","Arthur Lange","PN","-","Aįão","Bovespa","ARLA4"
"ASAI3<XBSP>","Assai","ON","Comércio e distribuiįão","Aįão","Bovespa","ASAI3"
"ATED3<XBSP>","Atom Educ","ON","Outros","Aįão","Bovespa","ATED3"
"AURA33<XBSP>","Aura 360","ON","Mineraįão","Aįão","Bovespa","AURA33"
"AURE3<XBSP>","Auren","ON","Energia elétrica","Aįão","Bovespa","AURE3"
"AUTM3<XBSP>","Autometal","ON","-","Aįão","Bovespa","AUTM3"
"AMOB3<XBSP>","Automob","ON","-","Aįão","Bovespa","AMOB3"
"AXIA3<XBSP>","Axia Energia","ON","Energia elétrica","Aįão","Bovespa","AXIA3"
"AXIA5<XBSP>","Axia Energia","PNA","Energia elétrica","Aįão","Bovespa","AXIA5"
"AXIA6<XBSP>","Axia Energia","PNB","Energia elétrica","Aįão","Bovespa","AXIA6"
"AXIA7<XBSP>","Axia Energia","PNC","Energia elétrica","Aįão","Bovespa","AXIA7"
"AZEV3<XBSP>","Azevedo","ON","Construįão e engenharia","Aįão","Bovespa","AZEV3"
"AZEV4<XBSP>","Azevedo","PN","Construįão e engenharia","Aįão","Bovespa","AZEV4"
"AZTE3<XBSP>","Azt Energia","ON","-","Aįão","Bovespa","AZTE3"
"AZUL3<XBSP>","Azul","ON","Transporte","Aįão","Bovespa","AZUL3"
"AZUL54<XBSP>","Azul","PN","Transporte","Aįão","Bovespa","AZUL54"
"AZZA3<XBSP>","Azzas 2154","ON","Comércio","Aįão","Bovespa","AZZA3"
"BLUT3<XBSP>","B Tech Eqi","ON","Outros","Aįão","Bovespa","BLUT3"
"BLUT4<XBSP>","B Tech Eqi","PN","Outros","Aįão","Bovespa","BLUT4"
"B1003<XBSP>","B100 SA","ON","-","Aįão","Bovespa","B1003"
"B3SA3<XBSP>","B3","ON","Serviįos financeiros diversos","Aįão","Bovespa","B3SA3"
"BHEQ4<XBSP>","Bahema Equipament","PN","-","Aįão","Bovespa","BHEQ4"
"BSUL5<XBSP>","Bahia Sul","PNA","-","Aįão","Bovespa","BSUL5"
"CBAG3<XBSP>","Ban Armazens","ON","-","Aįão","Bovespa","CBAG3"
"BECE3<XBSP>","Banco Bec","ON","-","Aįão","Bovespa","BECE3"
"BECE4<XBSP>","Banco Bec","PN","-","Aįão","Bovespa","BECE4"
"EBEN3<XBSP>","Bandeirante Energ","ON","-","Aįão","Bovespa","EBEN3"
"EBEN4<XBSP>","Bandeirante Energ","PN","-","Aįão","Bovespa","EBEN4"
"BBCM4<XBSP>","Bandeirantes","PN","-","Aįão","Bovespa","BBCM4"
"BESP3<XBSP>","Banespa","ON","-","Aįão","Bovespa","BESP3"
"BESP4<XBSP>","Banespa","PN","-","Aįão","Bovespa","BESP4"
"BEPA4<XBSP>","Banestado","PN","-","Aįão","Bovespa","BEPA4"
"LOSA3<XBSP>","Banex S/A","ON","-","Aįão","Bovespa","LOSA3"
"LOSA4<XBSP>","Banex S/A","PN","-","Aįão","Bovespa","LOSA4"
"BNNE3<XBSP>","Banorte","ON","-","Aįão","Bovespa","BNNE3"
"BDLL3<XBSP>","Bardella","ON","Máquinas e equipamentos","Aįão","Bovespa","BDLL3"
"BDLL4<XBSP>","Bardella","PN","Máquinas e equipamentos","Aįão","Bovespa","BDLL4"
"BALM3<XBSP>","Baumer","ON","Equipamentos","Aįão","Bovespa","BALM3"
"BALM4<XBSP>","Baumer","PN","Equipamentos","Aįão","Bovespa","BALM4"
"BBML3<XBSP>","Bbmlogistica","ON","Serviįos diversos","Aįão","Bovespa","BBML3"
"BBSE3<XBSP>","BBSeguridade","ON","Previdęncia e seguros","Aįão","Bovespa","BBSE3"
"BCNA4<XBSP>","BCN","PN","-","Aįão","Bovespa","BCNA4"
"PBEL3B<XBSP>","Belapart","ON","Outros","Aįão","Bovespa","PBEL3B"
"PBEL5B<XBSP>","Belapart","PNA","Outros","Aįão","Bovespa","PBEL5B"
"PBEL6B<XBSP>","Belapart","PNB","Outros","Aįão","Bovespa","PBEL6B"
"BEMA3<XBSP>","Bematech","ON","-","Aįão","Bovespa","BEMA3"
"BEMG3<XBSP>","Bemge","ON","-","Aįão","Bovespa","BEMG3"
"BEMG4<XBSP>","Bemge","PN","-","Aįão","Bovespa","BEMG4"
"BMOB3<XBSP>","Bemobi Tech","ON","Programas e serviįos","Aįão","Bovespa","BMOB3"
"BERG3<XBSP>","Bergamo","ON","-","Aįão","Bovespa","BERG3"
"BERG5<XBSP>","Bergamo","PNA","-","Aįão","Bovespa","BERG5"
"BSCT3<XBSP>","Besc","ON","-","Aįão","Bovespa","BSCT3"
"BSCT5<XBSP>","Besc","PNA","-","Aįão","Bovespa","BSCT5"
"BSCT6<XBSP>","Besc","PNB","-","Aįão","Bovespa","BSCT6"
"BTAS5<XBSP>","Beta","PNA","-","Aįão","Bovespa","BTAS5"
"BETP3<XBSP>","Betapart","ON","Outros","Aįão","Bovespa","BETP3"
"BHGR3<XBSP>","BHG","ON","-","Aįão","Bovespa","BHGR3"
"BMKS3<XBSP>","Bic Monark","ON","Viagens e lazer","Aįão","Bovespa","BMKS3"
"BICB3<XBSP>","Bicbanco","ON","-","Aįão","Bovespa","BICB3"
"BICB4<XBSP>","Bicbanco","PN","-","Aįão","Bovespa","BICB4"
"BICB11<XBSP>","Bicbanco","UnN1","-","Aįão","Bovespa","BICB11"
"BIOB4<XBSP>","Biobras","PN","-","Aįão","Bovespa","BIOB4"
"BIED3<XBSP>","Bioma Educ","ON","Diversos","Aįão","Bovespa","BIED3"
"BAHI4<XBSP>","Bioma Educ","PN","Diversos","Aįão","Bovespa","BAHI4"
"BIOM3<XBSP>","Biomm","ON","Medicamentos e outros produtos","Aįão","Bovespa","BIOM3"
"BIOM4<XBSP>","Biomm","PN","Medicamentos e outros produtos","Aįão","Bovespa","BIOM4"
"BSEV3<XBSP>","Biosev","ON","Alimentos processados","Aįão","Bovespa","BSEV3"
"GBIO33<XBSP>","Biotoscana","ON","Medicamentos e outros produtos","Aįão","Bovespa","GBIO33"
"BLAU3<XBSP>","Blau","ON","Comércio e distribuiįão","Aįão","Bovespa","BLAU3"
"CTWR3<XBSP>","Blue Tree","ON","-","Aįão","Bovespa","CTWR3"
"BMEF3<XBSP>","BM&F","ON","-","Aįão","Bovespa","BMEF3"
"SOJA3<XBSP>","Boa Safra","ON","Agropecuária","Aįão","Bovespa","SOJA3"
"BOAS3<XBSP>","Boa Vista","ON","Serviįos financeiros diversos","Aįão","Bovespa","BOAS3"
"BBV4<XBSP>","Boavista","PN","-","Aįão","Bovespa","BBV4"
"BOBR3<XBSP>","Bombril","ON","Produtos de uso pessoal e de limpeza","Aįão","Bovespa","BOBR3"
"BOBR4<XBSP>","Bombril","PN","Produtos de uso pessoal e de limpeza","Aįão","Bovespa","BOBR4"
"BPCO4<XBSP>","Bompreco","PN","-","Aįão","Bovespa","BPCO4"
"IDCO3<XBSP>","Bompreco Bah","ON","-","Aįão","Bovespa","IDCO3"
"IDCO4<XBSP>","Bompreco Bah","PN","-","Aįão","Bovespa","IDCO4"
"BNPA3B<XBSP>","Bonaire Part","ON","Energia elétrica","Aįão","Bovespa","BNPA3B"
"STRP3<XBSP>","Botucatu Tex","ON","-","Aįão","Bovespa","STRP3"
"STRP4<XBSP>","Botucatu Tex","PN","-","Aįão","Bovespa","STRP4"
"BOVH3<XBSP>","Bovespa Holding","ON","-","Aįão","Bovespa","BOVH3"
"FRPS3<XBSP>","BR Ferrovias","ON","-","Aįão","Bovespa","FRPS3"
"FRPS4<XBSP>","BR Ferrovias","PN","-","Aįão","Bovespa","FRPS4"
"HCBR3<XBSP>","BR Home","ON","Comércio","Aįão","Bovespa","HCBR3"
"BRML3<XBSP>","BR Malls Par","ON","Exploraįão de imóveis","Aįão","Bovespa","BRML3"
"BPHA3<XBSP>","BR Pharma","ON","Comércio e distribuiįão","Aįão","Bovespa","BPHA3"
"BRPR3<XBSP>","BR Propert","ON","Exploraįão de imóveis","Aįão","Bovespa","BRPR3"
"BRAP3<XBSP>","Bradespar","ON","Mineraįão","Aįão","Bovespa","BRAP3"
"BRAP4<XBSP>","Bradespar","PN","Mineraįão","Aįão","Bovespa","BRAP4"
"BRAP99<XBSP>","Bradespar","UNT","Mineraįão","Aįão","Bovespa","BRAP99"
"SAUD3<XBSP>","Bradsaude","ON","Serviįos médico-hospitalares análises e diagnósticos","Aįão","Bovespa","SAUD3"
"ITPS4<XBSP>","Brampac","PN","-","Aįão","Bovespa","ITPS4"
"BRTP3<XBSP>","Brasil T Par","ON","-","Aįão","Bovespa","BRTP3"
"BRTP4<XBSP>","Brasil T Par","PN","-","Aįão","Bovespa","BRTP4"
"AGRO3<XBSP>","Brasilagro","ON","Agropecuária","Aįão","Bovespa","AGRO3"
"LITS3<XBSP>","Brasilit","ON","-","Aįão","Bovespa","LITS3"
"BRKM3<XBSP>","Braskem","ON","Químicos","Aįão","Bovespa","BRKM3"
"BRKM5<XBSP>","Braskem","PNA","Químicos","Aįão","Bovespa","BRKM5"
"BRKM6<XBSP>","Braskem","PNB","Químicos","Aįão","Bovespa","BRKM6"
"BMTO3<XBSP>","Brasmotor","ON","Utilidades domésticas","Aįão","Bovespa","BMTO3"
"BMTO4<XBSP>","Brasmotor","PN","Utilidades domésticas","Aįão","Bovespa","BMTO4"
"BPLA5<XBSP>","Brasperola","PNA","-","Aįão","Bovespa","BPLA5"
"BRAV3<XBSP>","Brava","ON","Petróleo gás e biocombustíveis","Aįão","Bovespa","BRAV3"
"BFRE3<XBSP>","Brazilian Fr","ON","-","Aįão","Bovespa","BFRE3"
"BRFS3<XBSP>","BRF SA","ON","Alimentos processados","Aįão","Bovespa","BRFS3"
"PRGA4<XBSP>","BRF SA","PN","Alimentos processados","Aįão","Bovespa","PRGA4"
"BRIT3<XBSP>","Brisanet","ON","Telecomunicaįões","Aįão","Bovespa","BRIT3"
"BRST3<XBSP>","Brisanet","ON","Telecomunicaįões","Aįão","Bovespa","BRST3"
"BISA3<XBSP>","Brookfield","ON","-","Aįão","Bovespa","BISA3"
"BRQB3<XBSP>","Brq","ON","Programas e serviįos","Aįão","Bovespa","BRQB3"
"BRUM4<XBSP>","Brumadinho","PN","-","Aįão","Bovespa","BRUM4"
"BUET3<XBSP>","Buettner","ON","Tecidos vestuário e calįados","Aįão","Bovespa","BUET3"
"BUET4<XBSP>","Buettner","PN","Tecidos vestuário e calįados","Aįão","Bovespa","BUET4"
"CEVA3<XBSP>","Bunge Alimentos","ON","-","Aįão","Bovespa","CEVA3"
"CEVA4<XBSP>","Bunge Alimentos","PN","-","Aįão","Bovespa","CEVA4"
"MSAN3<XBSP>","Bunge Brasil","ON","-","Aįão","Bovespa","MSAN3"
"MSAN4<XBSP>","Bunge Brasil","PN","-","Aįão","Bovespa","MSAN4"
"MAHS4<XBSP>","Bunge Fertilizantes","PN","-","Aįão","Bovespa","MAHS4"
"CABI3<XBSP>","Cabinda Part","ON","Outros","Aįão","Bovespa","CABI3"
"CDOU4<XBSP>","Cach Dourada","PN","-","Aįão","Bovespa","CDOU4"
"CIQU3<XBSP>","Cacique","ON","-","Aįão","Bovespa","CIQU3"
"CIQU4<XBSP>","Cacique","PN","-","Aįão","Bovespa","CIQU4"
"CACO3B<XBSP>","Caconde Part","ON","Outros","Aįão","Bovespa","CACO3B"
"CMET3<XBSP>","Caemi","ON","-","Aįão","Bovespa","CMET3"
"CMET4<XBSP>","Caemi","PN","-","Aįão","Bovespa","CMET4"
"CAFE3<XBSP>","Caf Brasilia","ON","-","Aįão","Bovespa","CAFE3"
"CAFE4<XBSP>","Caf Brasilia","PN","-","Aįão","Bovespa","CAFE4"
"CAIA3B<XBSP>","Caianda Part","ON","Outros","Aįão","Bovespa","CAIA3B"
"CXSE3<XBSP>","Caixa Seguri","ON","Previdęncia e seguros","Aįão","Bovespa","CXSE3"
"CAMB3<XBSP>","Cambuci","ON","Tecidos vestuário e calįados","Aįão","Bovespa","CAMB3"
"CAMB4<XBSP>","Cambuci","PN","Tecidos vestuário e calįados","Aįão","Bovespa","CAMB4"
"CAML3<XBSP>","Camil","ON","Alimentos processados","Aįão","Bovespa","CAML3"
"CPTP3B<XBSP>","Capitalpart","ON","Outros","Aįão","Bovespa","CPTP3B"
"CRBM3<XBSP>","Caraiba Met","ON","-","Aįão","Bovespa","CRBM3"
"CRBM5<XBSP>","Caraiba Met","PNA","-","Aįão","Bovespa","CRBM5"
"CRBM7<XBSP>","Caraiba Met","PNC","-","Aįão","Bovespa","CRBM7"
"CRBM8<XBSP>","Caraiba Met","PND","-","Aįão","Bovespa","CRBM8"
"CRBM11<XBSP>","Caraiba Met","PNE","-","Aįão","Bovespa","CRBM11"
"SOLO4<XBSP>","Cargill Fertilizant","PN","-","Aįão","Bovespa","SOLO4"
"CRFB3<XBSP>","Carrefour BR","ON","Comércio e distribuiįão","Aįão","Bovespa","CRFB3"
"CABR4<XBSP>","Casa Anglo","PN","-","Aįão","Bovespa","CABR4"
"CASN3<XBSP>","Casan","ON","Água e saneamento","Aįão","Bovespa","CASN3"
"CASN4<XBSP>","Casan","PN","Água e saneamento","Aįão","Bovespa","CASN4"
"BHIA3<XBSP>","Casas Bahia","ON","Comércio","Aįão","Bovespa","BHIA3"
"VVAR4<XBSP>","Casas Bahia","PN","Comércio","Aįão","Bovespa","VVAR4"
"VVAR11<XBSP>","Casas Bahia","UNT N2","Comércio","Aįão","Bovespa","VVAR11"
"CBAV3<XBSP>","Cba","ON","Mineraįão","Aįão","Bovespa","CBAV3"
"CCTU3<XBSP>","CBC Cartucho","ON","-","Aįão","Bovespa","CCTU3"
"CCTU4<XBSP>","CBC Cartucho","PN","-","Aįão","Bovespa","CCTU4"
"TRIM3<XBSP>","Cbcc Contact Center","ON","-","Aįão","Bovespa","TRIM3"
"CBVI4<XBSP>","Cbv Ind Mec","PN","-","Aįão","Bovespa","CBVI4"
"CCIM3<XBSP>","CC Des Imob","ON","-","Aįão","Bovespa","CCIM3"
"CCXC3<XBSP>","Ccx Carvao","ON","Outros","Aįão","Bovespa","CCXC3"
"CEAB3<XBSP>","Cea Modas","ON","Comércio","Aįão","Bovespa","CEAB3"
"CEBR3<XBSP>","Ceb","ON","Energia elétrica","Aįão","Bovespa","CEBR3"
"CEBR5<XBSP>","Ceb","PNA","Energia elétrica","Aįão","Bovespa","CEBR5"
"CEBR6<XBSP>","Ceb","PNB","Energia elétrica","Aįão","Bovespa","CEBR6"
"CEDO3<XBSP>","Cedro","ON","Tecidos vestuário e calįados","Aįão","Bovespa","CEDO3"
"CEDO4<XBSP>","Cedro","PN","Tecidos vestuário e calįados","Aįão","Bovespa","CEDO4"
"CEDO6<XBSP>","Cedro","PNB","Tecidos vestuário e calįados","Aįão","Bovespa","CEDO6"
"CEED3<XBSP>","Ceee-D","ON","Energia elétrica","Aįão","Bovespa","CEED3"
"CEED4<XBSP>","Ceee-D","PN","Energia elétrica","Aįão","Bovespa","CEED4"
"CGEE3<XBSP>","Ceee-G","ON","Energia elétrica","Aįão","Bovespa","CGEE3"
"CGEE4<XBSP>","Ceee-G","PN","Energia elétrica","Aįão","Bovespa","CGEE4"
"EEEL3<XBSP>","Ceee-T","ON","Energia elétrica","Aįão","Bovespa","EEEL3"
"EEEL4<XBSP>","Ceee-T","PN","Energia elétrica","Aįão","Bovespa","EEEL4"
"CEGR3<XBSP>","Ceg","ON","Gás","Aįão","Bovespa","CEGR3"
"CLSC3<XBSP>","Celesc","ON","Energia elétrica","Aįão","Bovespa","CLSC3"
"CLSC4<XBSP>","Celesc","PN","Energia elétrica","Aįão","Bovespa","CLSC4"
"CLSC5<XBSP>","Celesc","PNA","Energia elétrica","Aįão","Bovespa","CLSC5"
"CGOS3<XBSP>","Celg","ON","-","Aįão","Bovespa","CGOS3"
"CGOS4<XBSP>","Celg","PN","-","Aįão","Bovespa","CGOS4"
"CGOS6<XBSP>","Celg","PNB","-","Aįão","Bovespa","CGOS6"
"GPAR3<XBSP>","Celgpar","ON","Energia elétrica","Aįão","Bovespa","GPAR3"
"CELM3<XBSP>","Celm","ON","-","Aįão","Bovespa","CELM3"
"CEPE3<XBSP>","Celpe","ON","Energia elétrica","Aįão","Bovespa","CEPE3"
"CEPE5<XBSP>","Celpe","PNA","Energia elétrica","Aįão","Bovespa","CEPE5"
"CEPE6<XBSP>","Celpe","PNB","Energia elétrica","Aįão","Bovespa","CEPE6"
"MAPT3<XBSP>","Cemepe","ON","Outros","Aįão","Bovespa","MAPT3"
"MAPT4<XBSP>","Cemepe","PN","Outros","Aįão","Bovespa","MAPT4"
"CMIG3<XBSP>","Cemig","ON","Energia elétrica","Aįão","Bovespa","CMIG3"
"CMIG4<XBSP>","Cemig","PN","Energia elétrica","Aįão","Bovespa","CMIG4"
"CTLG3<XBSP>","Cent Aįu","ON","-","Aįão","Bovespa","CTLG3"
"CTMI3<XBSP>","Cent Min-Rio","ON","-","Aįão","Bovespa","CTMI3"
"CESP3<XBSP>","Cesp","ON","Energia elétrica","Aįão","Bovespa","CESP3"
"CESP5<XBSP>","Cesp","PNA","Energia elétrica","Aįão","Bovespa","CESP5"
"CESP6<XBSP>","Cesp","PNB","Energia elétrica","Aįão","Bovespa","CESP6"
"CETE3<XBSP>","Ceterp","ON","-","Aįão","Bovespa","CETE3"
"CETE4<XBSP>","Ceterp","PN","-","Aįão","Bovespa","CETE4"
"CTIP3<XBSP>","Cetip","ON","Serviįos financeiros diversos","Aįão","Bovespa","CTIP3"
"CVPT3<XBSP>","Ceval Part","ON","-","Aįão","Bovespa","CVPT3"
"CVPT4<XBSP>","Ceval Part","PN","-","Aįão","Bovespa","CVPT4"
"CHAP3<XBSP>","Chapeco","ON","-","Aįão","Bovespa","CHAP3"
"CHAP4<XBSP>","Chapeco","PN","-","Aįão","Bovespa","CHAP4"
"CCHI3<XBSP>","Chiarelli","ON","Construįão e engenharia","Aįão","Bovespa","CCHI3"
"CCHI4<XBSP>","Chiarelli","PN","Construįão e engenharia","Aįão","Bovespa","CCHI4"
"HGTX3<XBSP>","Cia Hering","ON","Tecidos vestuário e calįados","Aįão","Bovespa","HGTX3"
"HGTX4<XBSP>","Cia Hering","PN","Tecidos vestuário e calįados","Aįão","Bovespa","HGTX4"
"CSIP6<XBSP>","Cia Siderurgica Paulista Cosipa (Antiga)","PNB","-","Aįão","Bovespa","CSIP6"
"CIC4<XBSP>","Cica","PN","-","Aįão","Bovespa","CIC4"
"CIEL3<XBSP>","Cielo","ON","Serviįos financeiros diversos","Aįão","Bovespa","CIEL3"
"ICPI3<XBSP>","Cim Itau","ON","-","Aįão","Bovespa","ICPI3"
"ICPI4<XBSP>","Cim Itau","PN","-","Aįão","Bovespa","ICPI4"
"MAFE3<XBSP>","Cimaf","ON","-","Aįão","Bovespa","MAFE3"
"GAFP3<XBSP>","Cimob Partic","ON","-","Aįão","Bovespa","GAFP3"
"GAFP4<XBSP>","Cimob Partic","PN","-","Aįão","Bovespa","GAFP4"
"CMSA3<XBSP>","Cims","ON","Outros","Aįão","Bovespa","CMSA3"
"CMSA4<XBSP>","Cims","PN","Outros","Aįão","Bovespa","CMSA4"
"CNSY3<XBSP>","Cinesystem","ON","Mídia","Aįão","Bovespa","CNSY3"
"CLAN3<XBSP>","Clarion","ON","-","Aįão","Bovespa","CLAN3"
"CLAN4<XBSP>","Clarion","PN","-","Aįão","Bovespa","CLAN4"
"CLSA3<XBSP>","Clearsale","ON","Serviįos financeiros diversos","Aįão","Bovespa","CLSA3"
"CMMA3<XBSP>","Cma Part","ON","-","Aįão","Bovespa","CMMA3"
"CMMA4<XBSP>","Cma Part","PN","-","Aįão","Bovespa","CMMA4"
"COAR3<XBSP>","Coari Part","ON","-","Aįão","Bovespa","COAR3"
"COAR4<XBSP>","Coari Part","PN","-","Aįão","Bovespa","COAR4"
"CBMA3<XBSP>","Cobrasma","ON","Material de transporte","Aįão","Bovespa","CBMA3"
"CBMA4<XBSP>","Cobrasma","PN","Material de transporte","Aįão","Bovespa","CBMA4"
"CEEB3<XBSP>","Coelba","ON","Energia elétrica","Aįão","Bovespa","CEEB3"
"CEEB5<XBSP>","Coelba","PNA","Energia elétrica","Aįão","Bovespa","CEEB5"
"CEEB6<XBSP>","Coelba","PNB","Energia elétrica","Aįão","Bovespa","CEEB6"
"COCE3<XBSP>","Coelce","ON","Energia elétrica","Aįão","Bovespa","COCE3"
"COCE5<XBSP>","Coelce","PNA","Energia elétrica","Aįão","Bovespa","COCE5"
"COCE6<XBSP>","Coelce","PNB","Energia elétrica","Aįão","Bovespa","COCE6"
"FAPC4<XBSP>","Cofap","PN","-","Aįão","Bovespa","FAPC4"
"COGN3<XBSP>","Cogna ON","ON","Diversos","Aįão","Bovespa","COGN3"
"KROT4<XBSP>","Cogna ON","PN","Diversos","Aįão","Bovespa","KROT4"
"KROT11<XBSP>","Cogna ON","UNT N2","Diversos","Aįão","Bovespa","KROT11"
"IVIL4<XBSP>","Coinvest","PN","-","Aįão","Bovespa","IVIL4"
"CLDX4<XBSP>","Coldex","PN","-","Aįão","Bovespa","CLDX4"
"COMR3<XBSP>","Comerc","ON","Energia elétrica","Aįão","Bovespa","COMR3"
"CGAS3<XBSP>","Comgas","ON","Gás","Aįão","Bovespa","CGAS3"
"CGAS5<XBSP>","Comgas","PNA","Gás","Aįão","Bovespa","CGAS5"
"CPNY3<XBSP>","Company","ON","-","Aįão","Bovespa","CPNY3"
"PASS3<XBSP>","Compass Gas","ON","Gás","Aįão","Bovespa","PASS3"
"PASS5<XBSP>","Compass Gas","PNA","Gás","Aįão","Bovespa","PASS5"
"PASS6<XBSP>","Compass Gas","PNB","Gás","Aįão","Bovespa","PASS6"
"CRTE3<XBSP>","Conc Rio Ter","ON","Transporte","Aįão","Bovespa","CRTE3"
"CRTE5<XBSP>","Conc Rio Ter","PNA","Transporte","Aįão","Bovespa","CRTE5"
"CNFB3<XBSP>","Confab","ON","-","Aįão","Bovespa","CNFB3"
"CNFB4<XBSP>","Confab","PN","-","Aįão","Bovespa","CNFB4"
"CALI3<XBSP>","Const A Lind","ON","Construįão civil","Aįão","Bovespa","CALI3"
"CALI4<XBSP>","Const A Lind","PN","Construįão civil","Aįão","Bovespa","CALI4"
"COBE3B<XBSP>","Const Beter","ON","-","Aįão","Bovespa","COBE3B"
"COBE5B<XBSP>","Const Beter","PNA","-","Aįão","Bovespa","COBE5B"
"COBE6B<XBSP>","Const Beter","PNB","-","Aįão","Bovespa","COBE6B"
"CTAX3<XBSP>","Contax","ON","Serviįos diversos","Aįão","Bovespa","CTAX3"
"CTAX4<XBSP>","Contax","PN","Serviįos diversos","Aįão","Bovespa","CTAX4"
"CTAX11<XBSP>","Contax","UNT N2","Serviįos diversos","Aįão","Bovespa","CTAX11"
"CTLU4<XBSP>","Continental","PN","-","Aįão","Bovespa","CTLU4"
"COPA4<XBSP>","Copas","PN","-","Aįão","Bovespa","COPA4"
"CSMG3<XBSP>","Copasa","ON","Água e saneamento","Aįão","Bovespa","CSMG3"
"CPLE3<XBSP>","Copel","ON","Energia elétrica","Aįão","Bovespa","CPLE3"
"CPLE5<XBSP>","Copel","PNA","Energia elétrica","Aįão","Bovespa","CPLE5"
"CPLE6<XBSP>","Copel","PNB","Energia elétrica","Aįão","Bovespa","CPLE6"
"CPLE11<XBSP>","Copel","UNT","Energia elétrica","Aįão","Bovespa","CPLE11"
"CPSL3<XBSP>","Copesul","ON","-","Aįão","Bovespa","CPSL3"
"CORR3<XBSP>","Cor Ribeiro","ON","Exploraįão de imóveis","Aįão","Bovespa","CORR3"
"CORR4<XBSP>","Cor Ribeiro","PN","Exploraįão de imóveis","Aįão","Bovespa","CORR4"
"CBTA4<XBSP>","Corbetta","PN","-","Aįão","Bovespa","CBTA4"
"CSAN3<XBSP>","Cosan","ON","Petróleo gás e biocombustíveis","Aįão","Bovespa","CSAN3"
"RLOG3<XBSP>","Cosan Log","ON","Transporte","Aįão","Bovespa","RLOG3"
"CZLT33<XBSP>","Cosan Ltd","ON A","Petróleo gás e biocombustíveis","Aįão","Bovespa","CZLT33"
"CSRN3<XBSP>","Cosern","ON","Energia elétrica","Aįão","Bovespa","CSRN3"
"CSRN5<XBSP>","Cosern","PNA","Energia elétrica","Aįão","Bovespa","CSRN5"
"CSRN6<XBSP>","Cosern","PNB","Energia elétrica","Aįão","Bovespa","CSRN6"
"CSPC3<XBSP>","Cosipa","ON","-","Aįão","Bovespa","CSPC3"
"CSPC4<XBSP>","Cosipa","PN","-","Aįão","Bovespa","CSPC4"
"CTNM3<XBSP>","Coteminas","ON","Tecidos vestuário e calįados","Aįão","Bovespa","CTNM3"
"CTNM4<XBSP>","Coteminas","PN","Tecidos vestuário e calįados","Aįão","Bovespa","CTNM4"
"CPFE3<XBSP>","CPFL Energia","ON","Energia elétrica","Aįão","Bovespa","CPFE3"
"CPFG3<XBSP>","CPFL Geracao","ON","-","Aįão","Bovespa","CPFG3"
"CPFG4<XBSP>","CPFL Geracao","PN","-","Aįão","Bovespa","CPFG4"
"CPFP3<XBSP>","CPFL Piratininga","ON","-","Aįão","Bovespa","CPFP3"
"CPFP4<XBSP>","CPFL Piratininga","PN","-","Aįão","Bovespa","CPFP4"
"CPRE3<XBSP>","CPFL Renovav","ON","Energia elétrica","Aįão","Bovespa","CPRE3"
"CREM3<XBSP>","Cremer","ON","Medicamentos e outros produtos","Aįão","Bovespa","CREM3"
"CREM4-old<XBSP>","Cremer (Antiga)","PN","-","Aįão","Bovespa","CREM4-old"
"CRPG3<XBSP>","Cristal","ON","Químicos","Aįão","Bovespa","CRPG3"
"CRPG5<XBSP>","Cristal","PNA","Químicos","Aįão","Bovespa","CRPG5"
"CRPG6<XBSP>","Cristal","PNB","Químicos","Aįão","Bovespa","CRPG6"
"CRTP3<XBSP>","Crt Celular","ON","-","Aįão","Bovespa","CRTP3"
"CRTP5<XBSP>","Crt Celular","PNA","-","Aįão","Bovespa","CRTP5"
"CRGT5<XBSP>","Crt Ciargtelec","PNA","-","Aįão","Bovespa","CRGT5"
"CSED3<XBSP>","Cruzeiro Edu","ON","Diversos","Aįão","Bovespa","CSED3"
"CZRS3<XBSP>","Cruzeiro Sul","ON","-","Aįão","Bovespa","CZRS3"
"CZRS4<XBSP>","Cruzeiro Sul","PN","-","Aįão","Bovespa","CZRS4"
"CMIN3<XBSP>","Csn Mineracao","ON","Mineraįão","Aįão","Bovespa","CMIN3"
"CSUD3<XBSP>","Csu Digital","ON","Serviįos financeiros diversos","Aįão","Bovespa","CSUD3"
"CTCA3<XBSP>","Ctc S.A.","ON","Agropecuária","Aįão","Bovespa","CTCA3"
"CURY3<XBSP>","Cury S/A","ON","Construįão civil","Aįão","Bovespa","CURY3"
"CVCB3<XBSP>","Cvc Brasil","ON","Viagens e lazer","Aįão","Bovespa","CVCB3"
"CYRE3<XBSP>","Cyrela Realt","ON","Construįão civil","Aįão","Bovespa","CYRE3"
"CYRE4old<XBSP>","Cyrela Realt","PN","Construįão civil","Aįão","Bovespa","CYRE4old"
"CYRE4<XBSP>","Cyrela Realt","PN Resg","Construįão civil","Aįão","Bovespa","CYRE4"
"CZAR4<XBSP>","Czarina","PN","-","Aįão","Bovespa","CZAR4"
"DFVA3<XBSP>","D F Vasconc","ON","-","Aįão","Bovespa","DFVA3"
"DFVA4<XBSP>","D F Vasconc","PN","-","Aįão","Bovespa","DFVA4"
"DMVF3<XBSP>","D1000vfarma","ON","Comércio e distribuiįão","Aįão","Bovespa","DMVF3"
"OPDL3B<XBSP>","Daleth Part","ON","-","Aįão","Bovespa","OPDL3B"
"DASA3<XBSP>","Dasa","ON","Serviįos médico-hospitalares análises e diagnósticos","Aįão","Bovespa","DASA3"
"DSUL3<XBSP>","Datasul","ON","-","Aįão","Bovespa","DSUL3"
"DESK3<XBSP>","Desktopsigma","ON","Telecomunicaįões","Aįão","Bovespa","DESK3"
"DXCO3<XBSP>","Dexco","ON","Madeira e papel","Aįão","Bovespa","DXCO3"
"DEXP3<XBSP>","Dexxos Par","ON","Químicos","Aįão","Bovespa","DEXP3"
"DEXP4<XBSP>","Dexxos Par","PN","Químicos","Aįão","Bovespa","DEXP4"
"DHBI3<XBSP>","DHB","ON","Automóveis e motocicletas","Aįão","Bovespa","DHBI3"
"DHBI4<XBSP>","DHB","PN","Automóveis e motocicletas","Aįão","Bovespa","DHBI4"
"DJON3<XBSP>","Dijon","ON","-","Aįão","Bovespa","DJON3"
"DJON4<XBSP>","Dijon","PN","-","Aįão","Bovespa","DJON4"
"PNVL3<XBSP>","Dimed","ON","Comércio e distribuiįão","Aįão","Bovespa","PNVL3"
"PNVL4<XBSP>","Dimed","PN","Comércio e distribuiįão","Aįão","Bovespa","PNVL4"
"DNEN3B<XBSP>","Dinamica Ene","ON","-","Aįão","Bovespa","DNEN3B"
"DIRR3<XBSP>","Direcional","ON","Construįão civil","Aįão","Bovespa","DIRR3"
"DXTG3<XBSP>","Dixie Toga","ON","-","Aįão","Bovespa","DXTG3"
"DXTG4<XBSP>","Dixie Toga","PN","-","Aįão","Bovespa","DXTG4"
"IMBI3<XBSP>","Doc Imbituba","ON","Transporte","Aįão","Bovespa","IMBI3"
"IMBI4<XBSP>","Doc Imbituba","PN","Transporte","Aįão","Bovespa","IMBI4"
"DOCA3<XBSP>","Docas","ON","-","Aįão","Bovespa","DOCA3"
"DOCA4<XBSP>","Docas","PN","-","Aįão","Bovespa","DOCA4"
"DOHL3<XBSP>","Dohler","ON","Tecidos vestuário e calįados","Aįão","Bovespa","DOHL3"
"DOHL4<XBSP>","Dohler","PN","Tecidos vestuário e calįados","Aįão","Bovespa","DOHL4"
"DMMO3<XBSP>","Dommo","ON","Petróleo gás e biocombustíveis","Aįão","Bovespa","DMMO3"
"CALA3B<XBSP>","Dommo Empr","ON","Outros","Aįão","Bovespa","CALA3B"
"CALA4B<XBSP>","Dommo Empr","PN","Outros","Aįão","Bovespa","CALA4B"
"DOMO3<XBSP>","Domus Populi","ON","-","Aįão","Bovespa","DOMO3"
"DOTZ3<XBSP>","Dotz SA","ON","Diversos","Aįão","Bovespa","DOTZ3"
"ARPS3<XBSP>","Douat Textil","ON","-","Aįão","Bovespa","ARPS3"
"ARPS4<XBSP>","Douat Textil","PN","-","Aįão","Bovespa","ARPS4"
"DTCY3<XBSP>","Dtcom Direct","ON","Serviįos diversos","Aįão","Bovespa","DTCY3"
"DTCY4<XBSP>","Dtcom Direct","PN","Serviįos diversos","Aįão","Bovespa","DTCY4"
"DAGB33<XBSP>","Dufry AG","ON","Comércio","Aįão","Bovespa","DAGB33"
"DUFB11<XBSP>","Dufrybras","ON","-","Aįão","Bovespa","DUFB11"
"DURA3<XBSP>","Duratex-Old","ON","-","Aįão","Bovespa","DURA3"
"DURA4<XBSP>","Duratex-Old","PN","-","Aįão","Bovespa","DURA4"
"ECIS3<XBSP>","Ecisa","ON","-","Aįão","Bovespa","ECIS3"
"ECIS4<XBSP>","Ecisa","PN","-","Aįão","Bovespa","ECIS4"
"BCE3<XBSP>","Economico","ON","-","Aįão","Bovespa","BCE3"
"BCE4<XBSP>","Economico","PN","-","Aįão","Bovespa","BCE4"
"ECOR3<XBSP>","Ecorodovias","ON","Transporte","Aįão","Bovespa","ECOR3"
"EDNE5<XBSP>","Edn","PNA","-","Aįão","Bovespa","EDNE5"
"ASSM3<XBSP>","Eldorado","ON","-","Aįão","Bovespa","ASSM3"
"ASSM4<XBSP>","Eldorado","PN","-","Aįão","Bovespa","ASSM4"
"REPA4<XBSP>","Electrolux","PN","-","Aįão","Bovespa","REPA4"
"ELEK3<XBSP>","Elekeiroz","ON","Químicos","Aįão","Bovespa","ELEK3"
"ELEK4<XBSP>","Elekeiroz","PN","Químicos","Aįão","Bovespa","ELEK4"
"EKTR3<XBSP>","Elektro","ON","Energia elétrica","Aįão","Bovespa","EKTR3"
"EKTR4<XBSP>","Elektro","PN","Energia elétrica","Aįão","Bovespa","EKTR4"
"ELMD3<XBSP>","Eletromidia","ON","Mídia","Aįão","Bovespa","ELMD3"
"ETRO3B<XBSP>","Eletron","ON","Outros","Aįão","Bovespa","ETRO3B"
"LIPR3<XBSP>","Eletropar","ON","Energia elétrica","Aįão","Bovespa","LIPR3"
"ELPL3<XBSP>","Eletropaulo","ON","Energia elétrica","Aįão","Bovespa","ELPL3"
"ELPL4<XBSP>","Eletropaulo","PN","Energia elétrica","Aįão","Bovespa","ELPL4"
"ELPL5<XBSP>","Eletropaulo","PNA","Energia elétrica","Aįão","Bovespa","ELPL5"
"ELPL11-old<XBSP>","Eletropaulo (Old)","PNB","-","Aįão","Bovespa","ELPL11-old"
"ELEV3<XBSP>","Eleva","ON","-","Aįão","Bovespa","ELEV3"
"ELAT3<XBSP>","Elevad Atlas","ON","-","Aįão","Bovespa","ELAT3"
"ELUM3<XBSP>","Eluma","ON","-","Aįão","Bovespa","ELUM3"
"ELUM4<XBSP>","Eluma","PN","-","Aįão","Bovespa","ELUM4"
"EMAE3<XBSP>","Emae","ON","Energia elétrica","Aįão","Bovespa","EMAE3"
"EMAE4<XBSP>","Emae","PN","Energia elétrica","Aįão","Bovespa","EMAE4"
"EPAR3<XBSP>","Embpar S/A","ON","Comércio","Aįão","Bovespa","EPAR3"
"BTTL4<XBSP>","Embpar S/A","PN","Comércio","Aįão","Bovespa","BTTL4"
"EBCO3<XBSP>","Embraco","ON","-","Aįão","Bovespa","EBCO3"
"EBCO4<XBSP>","Embraco","PN","-","Aįão","Bovespa","EBCO4"
"EMBJ3<XBSP>","Embraer","ON","Material de transporte","Aįão","Bovespa","EMBJ3"
"EMBR4<XBSP>","Embraer","PN","Material de transporte","Aįão","Bovespa","EMBR4"
"EBTP3<XBSP>","Embratel Part","ON","-","Aįão","Bovespa","EBTP3"
"EBTP4<XBSP>","Embratel Part","PN","-","Aįão","Bovespa","EBTP4"
"ENAT3<XBSP>","Enauta Part","ON","Petróleo gás e biocombustíveis","Aįão","Bovespa","ENAT3"
"ECPR3<XBSP>","Encorpar","ON","Tecidos vestuário e calįados","Aįão","Bovespa","ECPR3"
"ECPR4<XBSP>","Encorpar","PN","Tecidos vestuário e calįados","Aįão","Bovespa","ECPR4"
"ENBR3<XBSP>","Energias BR","ON","Energia elétrica","Aįão","Bovespa","ENBR3"
"ENGI3<XBSP>","Energisa","ON","Energia elétrica","Aįão","Bovespa","ENGI3"
"ENGI4<XBSP>","Energisa","PN","Energia elétrica","Aįão","Bovespa","ENGI4"
"ENGI11<XBSP>","Energisa","UNT N2","Energia elétrica","Aįão","Bovespa","ENGI11"
"ENMT3<XBSP>","Energisa Mt","ON","Energia elétrica","Aįão","Bovespa","ENMT3"
"ENMT4<XBSP>","Energisa Mt","PN","Energia elétrica","Aįão","Bovespa","ENMT4"
"ENER3<XBSP>","Enersul","ON","-","Aįão","Bovespa","ENER3"
"ENER5<XBSP>","Enersul","PNA","-","Aįão","Bovespa","ENER5"
"ENER6<XBSP>","Enersul","PNB","-","Aįão","Bovespa","ENER6"
"ENEV3<XBSP>","Eneva","ON","Energia elétrica","Aįão","Bovespa","ENEV3"
"ENG5<XBSP>","Engesa","PNA","-","Aįão","Bovespa","ENG5"
"EGIE3<XBSP>","Engie Brasil","ON","Energia elétrica","Aįão","Bovespa","EGIE3"
"TBLE5<XBSP>","Engie Brasil","PNA","Energia elétrica","Aįão","Bovespa","TBLE5"
"TBLE6<XBSP>","Engie Brasil","PNB","Energia elétrica","Aįão","Bovespa","TBLE6"
"ENJU3<XBSP>","Enjoei","ON","Programas e serviįos","Aįão","Bovespa","ENJU3"
"TRIC4<XBSP>","Enxuta","PN","-","Aįão","Bovespa","TRIC4"
"EPTE4<XBSP>","Epte","PN","-","Aįão","Bovespa","EPTE4"
"EQMA3B<XBSP>","Eqtl Maranhao","ON","Energia elétrica","Aįão","Bovespa","EQMA3B"
"EQMA5B<XBSP>","Eqtl Maranhao","PNA","Energia elétrica","Aįão","Bovespa","EQMA5B"
"EQMA6B<XBSP>","Eqtl Maranhao","PNB","Energia elétrica","Aįão","Bovespa","EQMA6B"
"EQPA3<XBSP>","Eqtl Para","ON","Energia elétrica","Aįão","Bovespa","EQPA3"
"EQPA5<XBSP>","Eqtl Para","PNA","Energia elétrica","Aįão","Bovespa","EQPA5"
"EQPA6<XBSP>","Eqtl Para","PNB","Energia elétrica","Aįão","Bovespa","EQPA6"
"EQPA7<XBSP>","Eqtl Para","PNC","Energia elétrica","Aįão","Bovespa","EQPA7"
"EQTL3<XBSP>","Equatorial","ON","Energia elétrica","Aįão","Bovespa","EQTL3"
"EQTL4<XBSP>","Equatorial","PN","Energia elétrica","Aįão","Bovespa","EQTL4"
"EQTL11<XBSP>","Equatorial","UNT N2","Energia elétrica","Aįão","Bovespa","EQTL11"
"ERIC3<XBSP>","Ericsson","ON","-","Aįão","Bovespa","ERIC3"
"ERIC4<XBSP>","Ericsson","PN","-","Aįão","Bovespa","ERIC4"
"ESCE3<XBSP>","Escelsa","ON","-","Aįão","Bovespa","ESCE3"
"ESPA3<XBSP>","Espacolaser","ON","Comércio","Aįão","Bovespa","ESPA3"
"BPIA3<XBSP>","Est Piaui","ON","-","Aįão","Bovespa","BPIA3"
"ALPK3<XBSP>","Estapar","ON","Serviįos diversos","Aįão","Bovespa","ALPK3"
"ESTR3<XBSP>","Estrela","ON","Viagens e lazer","Aįão","Bovespa","ESTR3"
"ESTR4<XBSP>","Estrela","PN","Viagens e lazer","Aįão","Bovespa","ESTR4"
"ETER3<XBSP>","Eternit","ON","Construįão e engenharia","Aįão","Bovespa","ETER3"
"ETER4<XBSP>","Eternit","PN","Construįão e engenharia","Aįão","Bovespa","ETER4"
"EUCA3<XBSP>","Eucatex","ON","Madeira e papel","Aįão","Bovespa","EUCA3"
"EUCA4<XBSP>","Eucatex","PN","Madeira e papel","Aįão","Bovespa","EUCA4"
"EUFA3<XBSP>","Eurofarma SA","ON","-","Aįão","Bovespa","EUFA3"
"EVEN3<XBSP>","Even","ON","Construįão civil","Aįão","Bovespa","EVEN3"
"PTPA3<XBSP>","Evora","ON","-","Aįão","Bovespa","PTPA3"
"PTPA4<XBSP>","Evora","PN","-","Aįão","Bovespa","PTPA4"
"BAUH3<XBSP>","Excelsior","ON","Alimentos processados","Aįão","Bovespa","BAUH3"
"BAUH4<XBSP>","Excelsior","PN","Alimentos processados","Aįão","Bovespa","BAUH4"
"EZTC3<XBSP>","Eztec","ON","Construįão civil","Aįão","Bovespa","EZTC3"
"FLCL3<XBSP>","F Cataguazes","ON","-","Aįão","Bovespa","FLCL3"
"FLCL5<XBSP>","F Cataguazes","PNA","-","Aįão","Bovespa","FLCL5"
"FLCL6<XBSP>","F Cataguazes","PNB","-","Aįão","Bovespa","FLCL6"
"FGUI3<XBSP>","F Guimaraes","ON","-","Aįão","Bovespa","FGUI3"
"FGUI4<XBSP>","F Guimaraes","PN","-","Aįão","Bovespa","FGUI4"
"FTRX3<XBSP>","Fab C Renaux","ON","-","Aįão","Bovespa","FTRX3"
"FTRX4<XBSP>","Fab C Renaux","PN","-","Aįão","Bovespa","FTRX4"
"FLBR3<XBSP>","Fer Demellot","ON","-","Aįão","Bovespa","FLBR3"
"FLBR4<XBSP>","Fer Demellot","PN","-","Aįão","Bovespa","FLBR4"
"FHER3<XBSP>","Fer Heringer","ON","Químicos","Aįão","Bovespa","FHER3"
"FESA3<XBSP>","Ferbasa","ON","Siderurgia e metalurgia","Aįão","Bovespa","FESA3"
"FESA4<XBSP>","Ferbasa","PN","Siderurgia e metalurgia","Aįão","Bovespa","FESA4"
"CPFL4<XBSP>","Ferro Ligas","PN","-","Aįão","Bovespa","CPFL4"
"FTSE4<XBSP>","Ferti Serrana","PN","-","Aįão","Bovespa","FTSE4"
"FBRA3<XBSP>","Fertibras","ON","-","Aįão","Bovespa","FBRA3"
"FBRA4<XBSP>","Fertibras","PN","-","Aįão","Bovespa","FBRA4"
"FTSU4<XBSP>","Fertisul","PN","-","Aįão","Bovespa","FTSU4"
"FTZA4<XBSP>","Fertiza","PN","-","Aįão","Bovespa","FTZA4"
"FBMC3<XBSP>","Fibam","ON","Siderurgia e metalurgia","Aįão","Bovespa","FBMC3"
"FBMC4<XBSP>","Fibam","PN","Siderurgia e metalurgia","Aįão","Bovespa","FBMC4"
"FIBR3<XBSP>","Fibria","ON","Madeira e papel","Aįão","Bovespa","FIBR3"
"VCPA4<XBSP>","Fibria","PN","Madeira e papel","Aįão","Bovespa","VCPA4"
"FIEI3<XBSP>","Fica","ON","Construįão civil","Aįão","Bovespa","FIEI3"
"FICT3<XBSP>","Fictoralimen","ON","Outros","Aįão","Bovespa","FICT3"
"FLRY3<XBSP>","Fleury","ON","Serviįos médico-hospitalares análises e diagnósticos","Aįão","Bovespa","FLRY3"
"FLEX3<XBSP>","Flex S/A","ON","Serviįos diversos","Aįão","Bovespa","FLEX3"
"CFLU3<XBSP>","Fluminense Refriger","ON","-","Aįão","Bovespa","CFLU3"
"CFLU4<XBSP>","Fluminense Refriger","PN","-","Aįão","Bovespa","CFLU4"
"POWE3<XBSP>","Focus ON","ON","Energia elétrica","Aįão","Bovespa","POWE3"
"FOMS3<XBSP>","Fornodeminas","ON","Alimentos processados","Aįão","Bovespa","FOMS3"
"BFB3<XBSP>","Francesbras","ON","-","Aįão","Bovespa","BFB3"
"FGOS4<XBSP>","Frangosul","PN","-","Aįão","Bovespa","FGOS4"
"FRAS3<XBSP>","Fras-Le","ON","Material de transporte","Aįão","Bovespa","FRAS3"
"FRAS4<XBSP>","Fras-Le","PN","Material de transporte","Aįão","Bovespa","FRAS4"
"FRI3<XBSP>","Frigobras","ON","-","Aįão","Bovespa","FRI3"
"FRI4<XBSP>","Frigobras","PN","-","Aįão","Bovespa","FRI4"
"FTRT3B<XBSP>","Futuretel","ON","Outros","Aįão","Bovespa","FTRT3B"
"G2DI33<XBSP>","G2d Invest","A","Serviįos financeiros diversos","Aįão","Bovespa","G2DI33"
"GFSA3<XBSP>","Gafisa","ON","Construįão civil","Aįão","Bovespa","GFSA3"
"GFSA5<XBSP>","Gafisa","PNA","Construįão civil","Aįão","Bovespa","GFSA5"
"OPGM3<XBSP>","Gama Part","ON","Outros","Aįão","Bovespa","OPGM3"
"GAZO3<XBSP>","Gazola","ON","-","Aįão","Bovespa","GAZO3"
"GAZO4<XBSP>","Gazola","PN","-","Aįão","Bovespa","GAZO4"
"GSHP3<XBSP>","Generalshopp","ON","Exploraįão de imóveis","Aįão","Bovespa","GSHP3"
"AMRI3<XBSP>","Geodex","ON","-","Aįão","Bovespa","AMRI3"
"AMRI7<XBSP>","Geodex","PNC","-","Aįão","Bovespa","AMRI7"
"AMRI8<XBSP>","Geodex","PND","-","Aįão","Bovespa","AMRI8"
"AMRI11<XBSP>","Geodex","PNE","-","Aįão","Bovespa","AMRI11"
"GEPA3<XBSP>","Ger Paranap","ON","Energia elétrica","Aįão","Bovespa","GEPA3"
"GEPA4<XBSP>","Ger Paranap","PN","Energia elétrica","Aįão","Bovespa","GEPA4"
"EMXS4<XBSP>","Geral de Concreto","PN","-","Aįão","Bovespa","EMXS4"
"GGBR3<XBSP>","Gerdau","ON","Siderurgia e metalurgia","Aįão","Bovespa","GGBR3"
"GGBR4<XBSP>","Gerdau","PN","Siderurgia e metalurgia","Aįão","Bovespa","GGBR4"
"GOAU3<XBSP>","Gerdau Met","ON","Siderurgia e metalurgia","Aįão","Bovespa","GOAU3"
"GOAU4<XBSP>","Gerdau Met","PN","Siderurgia e metalurgia","Aįão","Bovespa","GOAU4"
"GETT3<XBSP>","Getnet BR","ON","Serviįos financeiros diversos","Aįão","Bovespa","GETT3"
"GETT4<XBSP>","Getnet BR","PN","Serviįos financeiros diversos","Aįão","Bovespa","GETT4"
"GETT11<XBSP>","Getnet BR","UNT","Serviįos financeiros diversos","Aįão","Bovespa","GETT11"
"GLAS4<XBSP>","Glasslite","PN","-","Aįão","Bovespa","GLAS4"
"GOLL53<XBSP>","Gol","ON","Transporte","Aįão","Bovespa","GOLL53"
"GOLL54<XBSP>","Gol","PN","Transporte","Aįão","Bovespa","GOLL54"
"GPIV33<XBSP>","GP Invest","A","Serviįos financeiros diversos","Aįão","Bovespa","GPIV33"
"GGPS3<XBSP>","Gps","ON","Serviįos diversos","Aįão","Bovespa","GGPS3"
"EGGY3<XBSP>","Granja Faria","ON","-","Aįão","Bovespa","EGGY3"
"GRNL3<XBSP>","Granoleo","ON","-","Aįão","Bovespa","GRNL3"
"GRNL4<XBSP>","Granoleo","PN","-","Aįão","Bovespa","GRNL4"
"CGRA3<XBSP>","Grazziotin","ON","Comércio","Aįão","Bovespa","CGRA3"
"CGRA4<XBSP>","Grazziotin","PN","Comércio","Aįão","Bovespa","CGRA4"
"GRND3<XBSP>","Grendene","ON","Tecidos vestuário e calįados","Aįão","Bovespa","GRND3"
"GRUC3<XBSP>","Grucai","ON","Outros","Aįão","Bovespa","GRUC3"
"GRUC6<XBSP>","Grucai","PNB","Outros","Aįão","Bovespa","GRUC6"
"GMAT3<XBSP>","Grupo Mateus","ON","Comércio e distribuiįão","Aįão","Bovespa","GMAT3"
"SALT3<XBSP>","Grupo Salta","ON","Diversos","Aįão","Bovespa","SALT3"
"SALT5<XBSP>","Grupo Salta","PNA","Diversos","Aįão","Bovespa","SALT5"
"SALT6<XBSP>","Grupo Salta","PNB","Diversos","Aįão","Bovespa","SALT6"
"SBFG3<XBSP>","Grupo Sbf","ON","Comércio","Aįão","Bovespa","SBFG3"
"SOMA3<XBSP>","Grupo Soma","ON","Comércio","Aįão","Bovespa","SOMA3"
"TOKY3<XBSP>","Grupo Toky","ON","Programas e serviįos","Aįão","Bovespa","TOKY3"
"GTDP3B<XBSP>","Gtd Partic","ON","-","Aįão","Bovespa","GTDP3B"
"GTDP4B<XBSP>","Gtd Partic","PN","-","Aįão","Bovespa","GTDP4B"
"ACGU3<XBSP>","Guarani","ON","-","Aįão","Bovespa","ACGU3"
"GVTT3<XBSP>","GVT Holding","ON","-","Aįão","Bovespa","GVTT3"
"HBTS3<XBSP>","Habitasul","ON","Exploraįão de imóveis","Aįão","Bovespa","HBTS3"
"HBTS5<XBSP>","Habitasul","PNA","Exploraįão de imóveis","Aįão","Bovespa","HBTS5"
"HBTS6<XBSP>","Habitasul","PNB","Exploraįão de imóveis","Aįão","Bovespa","HBTS6"
"HAGA3<XBSP>","Haga S/A","ON","Construįão e engenharia","Aįão","Bovespa","HAGA3"
"HAGA4<XBSP>","Haga S/A","PN","Construįão e engenharia","Aįão","Bovespa","HAGA4"
"HAPV3<XBSP>","Hapvida","ON","Serviįos médico-hospitalares análises e diagnósticos","Aįão","Bovespa","HAPV3"
"HPIA3<XBSP>","Harpia Part","ON","-","Aįão","Bovespa","HPIA3"
"HBRE3<XBSP>","Hbr Realty","ON","Exploraįão de imóveis","Aįão","Bovespa","HBRE3"
"HBOR3<XBSP>","Helbor","ON","Construįão civil","Aįão","Bovespa","HBOR3"
"HETA3<XBSP>","Hercules","ON","Utilidades domésticas","Aįão","Bovespa","HETA3"
"HETA4<XBSP>","Hercules","PN","Utilidades domésticas","Aįão","Bovespa","HETA4"
"HGTX4-old<XBSP>","Hering Text","PN","-","Aįão","Bovespa","HGTX4-old"
"HBSA3<XBSP>","Hidrovias","ON","Transporte","Aįão","Bovespa","HBSA3"
"HMOB3<XBSP>","Hmobi S/A","ON","Transporte","Aįão","Bovespa","HMOB3"
"HOOT3<XBSP>","Hoteis Othon","ON","Hotéis e restaurantes","Aįão","Bovespa","HOOT3"
"HOOT4<XBSP>","Hoteis Othon","PN","Hotéis e restaurantes","Aįão","Bovespa","HOOT4"
"BSEG4<XBSP>","HSBC Seguros","PN","-","Aįão","Bovespa","BSEG4"
"HYPE3<XBSP>","Hypera","ON","Comércio e distribuiįão","Aįão","Bovespa","HYPE3"
"IENG3<XBSP>","Ienergia","ON","-","Aįão","Bovespa","IENG3"
"IENG5<XBSP>","Ienergia","PNA","-","Aįão","Bovespa","IENG5"
"IENG6<XBSP>","Ienergia","PNB","-","Aįão","Bovespa","IENG6"
"IGBR3<XBSP>","IGB S/A","ON","Exploraįão de imóveis","Aįão","Bovespa","IGBR3"
"IGBR5<XBSP>","IGB S/A","PNA","Exploraįão de imóveis","Aįão","Bovespa","IGBR5"
"IGBR6<XBSP>","IGB S/A","PNB","Exploraįão de imóveis","Aįão","Bovespa","IGBR6"
"IGBR7<XBSP>","IGB S/A","PNC","Exploraįão de imóveis","Aįão","Bovespa","IGBR7"
"IGSN3<XBSP>","Igua SA","ON","Água e saneamento","Aįão","Bovespa","IGSN3"
"IGUA3<XBSP>","Iguacu Cafe","ON","-","Aįão","Bovespa","IGUA3"
"IGUA5<XBSP>","Iguacu Cafe","PNA","-","Aįão","Bovespa","IGUA5"
"IGUA6<XBSP>","Iguacu Cafe","PNB","-","Aįão","Bovespa","IGUA6"
"IGTA3<XBSP>","Iguatemi","ON","Exploraįão de imóveis","Aįão","Bovespa","IGTA3"
"IGTI3<XBSP>","Iguatemi SA","ON","Exploraįão de imóveis","Aįão","Bovespa","IGTI3"
"IGTI4<XBSP>","Iguatemi SA","PN","Exploraįão de imóveis","Aįão","Bovespa","IGTI4"
"JPSA4<XBSP>","Iguatemi SA","PN-old","Exploraįão de imóveis","Aįão","Bovespa","JPSA4"
"IGTI11<XBSP>","Iguatemi SA","UNT","Exploraįão de imóveis","Aįão","Bovespa","IGTI11"
"PARD3<XBSP>","Ihpardini","ON","Serviįos médico-hospitalares análises e diagnósticos","Aįão","Bovespa","PARD3"
"IMCH3<XBSP>","Imc Holdings","ON","-","Aįão","Bovespa","IMCH3"
"MEAL3<XBSP>","Imc S/A","ON","Hotéis e restaurantes","Aįão","Bovespa","MEAL3"
"IMPE4<XBSP>","Imperio","PN","-","Aįão","Bovespa","IMPE4"
"IBRC4<XBSP>","Inbrac","PN","-","Aįão","Bovespa","IBRC4"
"INNC3<XBSP>","Inc SA","ON","Construįão civil","Aįão","Bovespa","INNC3"
"CATA3<XBSP>","Ind Cataguas","ON","Tecidos vestuário e calįados","Aįão","Bovespa","CATA3"
"CATA4<XBSP>","Ind Cataguas","PN","Tecidos vestuário e calįados","Aįão","Bovespa","CATA4"
"INEP3<XBSP>","Inepar","ON","Máquinas e equipamentos","Aįão","Bovespa","INEP3"
"INEP4<XBSP>","Inepar","PN","Máquinas e equipamentos","Aįão","Bovespa","INEP4"
"IFCM3<XBSP>","Infracomm","ON","Programas e serviįos","Aįão","Bovespa","IFCM3"
"INTB3<XBSP>","Intelbras","ON","Computadores e equipamentos","Aįão","Bovespa","INTB3"
"GNDI3<XBSP>","Intermedica","ON","Serviįos médico-hospitalares análises e diagnósticos","Aįão","Bovespa","GNDI3"
"IVPR3B<XBSP>","Invepar","ON","Transporte","Aįão","Bovespa","IVPR3B"
"IVPR4B<XBSP>","Invepar","PN","Transporte","Aįão","Bovespa","IVPR4B"
"FIGE3<XBSP>","Invest Bemge","ON","Outros","Aįão","Bovespa","FIGE3"
"FIGE4<XBSP>","Invest Bemge","PN","Outros","Aįão","Bovespa","FIGE4"
"MYPK3<XBSP>","Iochp-Maxion","ON","Automóveis e motocicletas","Aįão","Bovespa","MYPK3"
"MYPK4<XBSP>","Iochp-Maxion","PN","Automóveis e motocicletas","Aįão","Bovespa","MYPK4"
"DPPI3<XBSP>","Ipiranga Dis","ON","-","Aįão","Bovespa","DPPI3"
"DPPI4<XBSP>","Ipiranga Dis","PN","-","Aįão","Bovespa","DPPI4"
"PTIP3<XBSP>","Ipiranga Pet","ON","-","Aįão","Bovespa","PTIP3"
"PTIP4<XBSP>","Ipiranga Pet","PN","-","Aįão","Bovespa","PTIP4"
"RIPI3<XBSP>","Ipiranga Ref","ON","-","Aįão","Bovespa","RIPI3"
"RIPI4<XBSP>","Ipiranga Ref","PN","-","Aįão","Bovespa","RIPI4"
"RANI3<XBSP>","Irani","ON","Embalagens","Aįão","Bovespa","RANI3"
"RANI4<XBSP>","Irani","PN","Embalagens","Aįão","Bovespa","RANI4"
"IRBR3<XBSP>","Irbbrasil Re","ON","Previdęncia e seguros","Aįão","Bovespa","IRBR3"
"ISAE3<XBSP>","Isa Energia","ON","Energia elétrica","Aįão","Bovespa","ISAE3"
"ISAE4<XBSP>","Isa Energia","PN","Energia elétrica","Aįão","Bovespa","ISAE4"
"SQRM3<XBSP>","Itaitinga","ON","Outros","Aįão","Bovespa","SQRM3"
"SQRM4<XBSP>","Itaitinga","PN","Outros","Aįão","Bovespa","SQRM4"
"SQRM11<XBSP>","Itaitinga","PRB","Outros","Aįão","Bovespa","SQRM11"
"ITSA3<XBSP>","Itausa","ON","Holdings diversificadas","Aįão","Bovespa","ITSA3"
"ITSA4<XBSP>","Itausa","PN","Holdings diversificadas","Aįão","Bovespa","ITSA4"
"ITEC3<XBSP>","Itautec","ON","Computadores e equipamentos","Aįão","Bovespa","ITEC3"
"IVEN3<XBSP>","Iven","ON","-","Aįão","Bovespa","IVEN3"
"IVEN4<XBSP>","Iven","PN","-","Aįão","Bovespa","IVEN4"
"VRLM4<XBSP>","Ivi","PN","-","Aįão","Bovespa","VRLM4"
"JALL3<XBSP>","Jallesmachad","ON","Alimentos processados","Aįão","Bovespa","JALL3"
"JFAB4<XBSP>","Jaragua Fabril","PN","-","Aįão","Bovespa","JFAB4"
"JBSS3<XBSP>","JBS","ON","Alimentos processados","Aįão","Bovespa","JBSS3"
"JBSS32<XBSP>","JBS Nv","ON","-","Aįão","Bovespa","JBSS32"
"JHSF3<XBSP>","JHSF Part","ON","Construįão civil","Aįão","Bovespa","JHSF3"
"JFEN3<XBSP>","Joao Fortes","ON","Construįão civil","Aįão","Bovespa","JFEN3"
"JOPA3<XBSP>","Josapar","ON","Alimentos processados","Aįão","Bovespa","JOPA3"
"JOPA4<XBSP>","Josapar","PN","Alimentos processados","Aįão","Bovespa","JOPA4"
"JSLG3<XBSP>","JSL","ON","Transporte","Aįão","Bovespa","JSLG3"
"KLAS3<XBSP>","Kallas","ON","Construįão civil","Aįão","Bovespa","KLAS3"
"CTKA3<XBSP>","Karsten","ON","Tecidos vestuário e calįados","Aįão","Bovespa","CTKA3"
"CTKA4<XBSP>","Karsten","PN","Tecidos vestuário e calįados","Aįão","Bovespa","CTKA4"
"KEPL3<XBSP>","Kepler Weber","ON","Máquinas e equipamentos","Aįão","Bovespa","KEPL3"
"RCLL3<XBSP>","Klab Riocell","ON","-","Aįão","Bovespa","RCLL3"
"RCLL4<XBSP>","Klab Riocell","PN","-","Aįão","Bovespa","RCLL4"
"RCLL5<XBSP>","Klab Riocell","PNA","-","Aįão","Bovespa","RCLL5"
"RCLL7<XBSP>","Klab Riocell","PNC","-","Aįão","Bovespa","RCLL7"
"KLBN3<XBSP>","Klabin S/A","ON","Madeira e papel","Aįão","Bovespa","KLBN3"
"KLBN4<XBSP>","Klabin S/A","PN","Madeira e papel","Aįão","Bovespa","KLBN4"
"KLBN11<XBSP>","Klabin S/A","UNT N2","Madeira e papel","Aįão","Bovespa","KLBN11"
"KSSA3<XBSP>","Klabinsegall","ON","-","Aįão","Bovespa","KSSA3"
"KRSA3<XBSP>","Kora Saude","ON","Serviįos médico-hospitalares análises e diagnósticos","Aįão","Bovespa","KRSA3"
"ARTE3<XBSP>","Kuala","ON","-","Aįão","Bovespa","ARTE3"
"ARTE4<XBSP>","Kuala","PN","-","Aįão","Bovespa","ARTE4"
"LFFE3<XBSP>","La Fonte Tel","ON","Telecomunicaįões","Aįão","Bovespa","LFFE3"
"LFFE4<XBSP>","La Fonte Tel","PN","Telecomunicaįões","Aįão","Bovespa","LFFE4"
"MILK33<XBSP>","Laep","A","Alimentos processados","Aįão","Bovespa","MILK33"
"LARK3<XBSP>","Lark Maqs","ON","-","Aįão","Bovespa","LARK3"
"LARK4<XBSP>","Lark Maqs","PN","-","Aįão","Bovespa","LARK4"
"LAVV3<XBSP>","Lavvi","ON","Construįão civil","Aįão","Bovespa","LAVV3"
"LLBI3<XBSP>","Le Biscuit","ON","Comércio","Aįão","Bovespa","LLBI3"
"LLBI4<XBSP>","Le Biscuit","PN","Comércio","Aįão","Bovespa","LLBI4"
"LECO3<XBSP>","Leco","ON","-","Aįão","Bovespa","LECO3"
"LECO4<XBSP>","Leco","PN","-","Aįão","Bovespa","LECO4"
"PITI3<XBSP>","LF Tel","ON","-","Aįão","Bovespa","PITI3"
"PITI4<XBSP>","LF Tel","PN","-","Aįão","Bovespa","PITI4"
"MLPP3<XBSP>","Lfparticip","ON","-","Aįão","Bovespa","MLPP3"
"LIAS4<XBSP>","Liasa","PN","-","Aįão","Bovespa","LIAS4"
"LMED3<XBSP>","Lifemed","ON","Equipamentos","Aįão","Bovespa","LMED3"
"LIGT3<XBSP>","Light S/A","ON","Energia elétrica","Aįão","Bovespa","LIGT3"
"ILLS4<XBSP>","Linhas Circulo","PN","-","Aįão","Bovespa","ILLS4"
"LINX3<XBSP>","Linx","ON","Programas e serviįos","Aįão","Bovespa","LINX3"
"LTEL3B<XBSP>","Litel","ON","Mineraįão","Aįão","Bovespa","LTEL3B"
"LTEL5B<XBSP>","Litel","PNA","Mineraįão","Aįão","Bovespa","LTEL5B"
"LTEL11B<XBSP>","Litel","PRB","Mineraįão","Aįão","Bovespa","LTEL11B"
"LTLA3B<XBSP>","Litela","ON","Mineraįão","Aįão","Bovespa","LTLA3B"
"LGLO3<XBSP>","Livr Globo","ON","-","Aįão","Bovespa","LGLO3"
"LGLO4<XBSP>","Livr Globo","PN","-","Aįão","Bovespa","LGLO4"
"LIXC3<XBSP>","Lix da Cunha","ON","Construįão e engenharia","Aįão","Bovespa","LIXC3"
"LIXC4<XBSP>","Lix da Cunha","PN","Construįão e engenharia","Aįão","Bovespa","LIXC4"
"RENT3<XBSP>","Localiza","ON","Diversos","Aįão","Bovespa","RENT3"
"RENT4<XBSP>","Localiza","PN Resg","Diversos","Aįão","Bovespa","RENT4"
"LCAM3<XBSP>","Locamerica","ON","Diversos","Aįão","Bovespa","LCAM3"
"LOGG3<XBSP>","Log Com Prop","ON","Exploraįão de imóveis","Aįão","Bovespa","LOGG3"
"LOGN3<XBSP>","Log-In","ON","Transporte","Aįão","Bovespa","LOGN3"
"LAME3<XBSP>","Lojas Americ","ON","Comércio","Aįão","Bovespa","LAME3"
"LAME4<XBSP>","Lojas Americ","PN","Comércio","Aįão","Bovespa","LAME4"
"LAME98<XBSP>","Lojas Americ","UNT","Comércio","Aįão","Bovespa","LAME98"
"LAME99<XBSP>","Lojas Americ","UNT","Comércio","Aįão","Bovespa","LAME99"
"LOAR4<XBSP>","Lojas Arapua","PN","-","Aįão","Bovespa","LOAR4"
"LHER3<XBSP>","Lojas Hering","ON","Exploraįão de imóveis","Aįão","Bovespa","LHER3"
"LHER4<XBSP>","Lojas Hering","PN","Exploraįão de imóveis","Aįão","Bovespa","LHER4"
"AMAR3<XBSP>","Lojas Marisa","ON","Comércio","Aįão","Bovespa","AMAR3"
"LREN3<XBSP>","Lojas Renner","ON","Comércio","Aįão","Bovespa","LREN3"
"LREN4<XBSP>","Lojas Renner","PN","Comércio","Aįão","Bovespa","LREN4"
"SPRT3B<XBSP>","Longdis","ON","Outros","Aįão","Bovespa","SPRT3B"
"LPSB3<XBSP>","Lopes Brasil","ON","Exploraįão de imóveis","Aįão","Bovespa","LPSB3"
"LORZ4<XBSP>","Lorenz","PN","-","Aįão","Bovespa","LORZ4"
"LUPA3<XBSP>","Lupatech","ON","Petróleo gás e biocombustíveis","Aįão","Bovespa","LUPA3"
"LWSA3<XBSP>","Lwsa","ON","Programas e serviįos","Aįão","Bovespa","LWSA3"
"RHDS3<XBSP>","M G Poliest","ON","-","Aįão","Bovespa","RHDS3"
"RHDS4<XBSP>","M G Poliest","PN","-","Aįão","Bovespa","RHDS4"
"MDIA3<XBSP>","M.Diasbranco","ON","Alimentos processados","Aįão","Bovespa","MDIA3"
"MADE4<XBSP>","Madeirit","PN","-","Aįão","Bovespa","MADE4"
"MSRO3<XBSP>","Maestroloc","ON","Diversos","Aįão","Bovespa","MSRO3"
"MGLU3<XBSP>","Magaz Luiza","ON","Comércio","Aįão","Bovespa","MGLU3"
"MAGS3<XBSP>","Magnesita","ON","-","Aįão","Bovespa","MAGS3"
"MAGS5<XBSP>","Magnesita","PNA","-","Aįão","Bovespa","MAGS5"
"MAGS7<XBSP>","Magnesita","PNC","-","Aįão","Bovespa","MAGS7"
"MAGG3<XBSP>","Magnesita SA","ON","Materiais diversos","Aįão","Bovespa","MAGG3"
"MLCF4<XBSP>","Mahle-Cofap","PN","-","Aįão","Bovespa","MLCF4"
"GALO4<XBSP>","Maio Gallo","PN","-","Aįão","Bovespa","GALO4"
"MAKR3<XBSP>","Makro","ON","-","Aįão","Bovespa","MAKR3"
"MNSA3<XBSP>","Manasa","ON","-","Aįão","Bovespa","MNSA3"
"MNSA4<XBSP>","Manasa","PN","-","Aįão","Bovespa","MNSA4"
"MGEL3<XBSP>","Mangels Indl","ON","Siderurgia e metalurgia","Aįão","Bovespa","MGEL3"
"MGEL4<XBSP>","Mangels Indl","PN","Siderurgia e metalurgia","Aįão","Bovespa","MGEL4"
"MANM3<XBSP>","Mannesmann","ON","-","Aįão","Bovespa","MANM3"
"MANM4<XBSP>","Mannesmann","PN","-","Aįão","Bovespa","MANM4"
"MAOR3B<XBSP>","Maori","ON","Outros","Aįão","Bovespa","MAOR3B"
"MAOR4B<XBSP>","Maori","PN","Outros","Aįão","Bovespa","MAOR4B"
"CTPC3<XBSP>","Marambaia","ON","-","Aįão","Bovespa","CTPC3"
"CTPC4<XBSP>","Marambaia","PN","-","Aįão","Bovespa","CTPC4"
"POMO3<XBSP>","Marcopolo","ON","Material de transporte","Aįão","Bovespa","POMO3"
"POMO4<XBSP>","Marcopolo","PN","Material de transporte","Aįão","Bovespa","POMO4"
"MBRF3<XBSP>","Marfrig","ON","Alimentos processados","Aįão","Bovespa","MBRF3"
"MRSL3<XBSP>","Marisol","ON","-","Aįão","Bovespa","MRSL3"
"MRSL4<XBSP>","Marisol","PN","-","Aįão","Bovespa","MRSL4"
"MATD3<XBSP>","Mater Dei","ON","Serviįos médico-hospitalares análises e diagnósticos","Aįão","Bovespa","MATD3"
"MCWS3<XBSP>","Mcom Wireles","ON","-","Aįão","Bovespa","MCWS3"
"MCWS4<XBSP>","Mcom Wireles","PN","-","Aįão","Bovespa","MCWS4"
"MEC4<XBSP>","Mec Pesada","PN","-","Aįão","Bovespa","MEC4"
"MEDI3<XBSP>","Medial Saude","ON","-","Aįão","Bovespa","MEDI3"
"MSPA3<XBSP>","Melhor SP","ON","Madeira e papel","Aįão","Bovespa","MSPA3"
"MSPA4<XBSP>","Melhor SP","PN","Madeira e papel","Aįão","Bovespa","MSPA4"
"CASH3<XBSP>","Meliuz","ON","Programas e serviįos","Aįão","Bovespa","CASH3"
"MELK3<XBSP>","Melnick","ON","Construįão civil","Aįão","Bovespa","MELK3"
"MLPA3<XBSP>","Melpaper","ON","-","Aįão","Bovespa","MLPA3"
"MLPA4<XBSP>","Melpaper","PN","-","Aįão","Bovespa","MLPA4"
"MEND3<XBSP>","Mendes Jr","ON","Construįão e engenharia","Aįão","Bovespa","MEND3"
"MEND5<XBSP>","Mendes Jr","PNA","Construįão e engenharia","Aįão","Bovespa","MEND5"
"MEND6<XBSP>","Mendes Jr","PNB","Construįão e engenharia","Aįão","Bovespa","MEND6"
"MNZC3<XBSP>","Menezes Cort","ON","Exploraįão de imóveis","Aįão","Bovespa","MNZC3"
"BMCT4<XBSP>","Merc S Paulo","PN","-","Aįão","Bovespa","BMCT4"
"MESB4<XBSP>","Mesbla","PN","-","Aįão","Bovespa","MESB4"
"DUQE3<XBSP>","Met Duque","ON","-","Aįão","Bovespa","DUQE3"
"DUQE4<XBSP>","Met Duque","PN","-","Aįão","Bovespa","DUQE4"
"MTIG3<XBSP>","Metal Iguacu","ON","Embalagens","Aįão","Bovespa","MTIG3"
"MTIG4<XBSP>","Metal Iguacu","PN","Embalagens","Aįão","Bovespa","MTIG4"
"LEVE3<XBSP>","Metal Leve","ON","Automóveis e motocicletas","Aįão","Bovespa","LEVE3"
"LEVE4<XBSP>","Metal Leve","PN","Automóveis e motocicletas","Aįão","Bovespa","LEVE4"
"FRIO3<XBSP>","Metalfrio","ON","Máquinas e equipamentos","Aįão","Bovespa","FRIO3"
"MTSA3<XBSP>","Metisa","ON","Máquinas e equipamentos","Aįão","Bovespa","MTSA3"
"MTSA4<XBSP>","Metisa","PN","Máquinas e equipamentos","Aįão","Bovespa","MTSA4"
"MTDO3<XBSP>","Metodo Engenharia","ON","-","Aįão","Bovespa","MTDO3"
"MTDO4<XBSP>","Metodo Engenharia","PN","-","Aįão","Bovespa","MTDO4"
"MTDO5<XBSP>","Metodo Engenharia","PNA","-","Aįão","Bovespa","MTDO5"
"MTDO6<XBSP>","Metodo Engenharia","PNB","-","Aįão","Bovespa","MTDO6"
"MTDO7<XBSP>","Metodo Engenharia","PNC","-","Aįão","Bovespa","MTDO7"
"MTDO8<XBSP>","Metodo Engenharia","PND","-","Aįão","Bovespa","MTDO8"
"LETO3<XBSP>","Micheletto","ON","-","Aįão","Bovespa","LETO3"
"LETO5<XBSP>","Micheletto","PNA","-","Aįão","Bovespa","LETO5"
"MILS3<XBSP>","Mills","ON","Máquinas e equipamentos","Aįão","Bovespa","MILS3"
"MMAQ3<XBSP>","Minasmaquina","ON","Comércio","Aįão","Bovespa","MMAQ3"
"MMAQ4<XBSP>","Minasmaquina","PN","Comércio","Aįão","Bovespa","MMAQ4"
"BEEF3<XBSP>","Minerva","ON","Alimentos processados","Aįão","Bovespa","BEEF3"
"MNPR3<XBSP>","Minupar","ON","Alimentos processados","Aįão","Bovespa","MNPR3"
"MNPR4<XBSP>","Minupar","PN","Alimentos processados","Aįão","Bovespa","MNPR4"
"MTRE3<XBSP>","Mitre Realty","ON","Construįão civil","Aįão","Bovespa","MTRE3"
"MMXM3<XBSP>","MMX Miner","ON","Mineraįão","Aįão","Bovespa","MMXM3"
"MOAR3<XBSP>","Mont Aranha","ON","Holdings diversificadas","Aįão","Bovespa","MOAR3"
"VEMG4<XBSP>","Montreal","PN","-","Aįão","Bovespa","VEMG4"
"MOSI3<XBSP>","Mosaico","ON","Programas e serviįos","Aįão","Bovespa","MOSI3"
"MOTV3<XBSP>","Motiva SA","ON","Transporte","Aįão","Bovespa","MOTV3"
"MDNE3<XBSP>","Moura Dubeux","ON","Construįão civil","Aįão","Bovespa","MDNE3"
"MOVI3<XBSP>","Movida","ON","Diversos","Aįão","Bovespa","MOVI3"
"MRSA3B<XBSP>","Mrs Logist","ON","Transporte","Aįão","Bovespa","MRSA3B"
"MRSA5B<XBSP>","Mrs Logist","PNA","Transporte","Aįão","Bovespa","MRSA5B"
"MRSA6B<XBSP>","Mrs Logist","PNB","Transporte","Aįão","Bovespa","MRSA6B"
"MRVE3<XBSP>","MRV","ON","Construįão civil","Aįão","Bovespa","MRVE3"
"MRVE99<XBSP>","MRV","UNT","Construįão civil","Aįão","Bovespa","MRVE99"
"MULL4<XBSP>","Muller","PN","-","Aįão","Bovespa","MULL4"
"MLAS3<XBSP>","Multilaser","ON","Computadores e equipamentos","Aįão","Bovespa","MLAS3"
"MULT3<XBSP>","Multiplan","ON","Exploraįão de imóveis","Aįão","Bovespa","MULT3"
"MPLU3<XBSP>","Multiplus","ON","Diversos","Aįão","Bovespa","MPLU3"
"MNDL3<XBSP>","Mundial","ON","Tecidos vestuário e calįados","Aįão","Bovespa","MNDL3"
"MNDL4<XBSP>","Mundial","PN","Tecidos vestuário e calįados","Aįão","Bovespa","MNDL4"
"BNAC3<XBSP>","Nacional","ON","-","Aįão","Bovespa","BNAC3"
"BNAC4<XBSP>","Nacional","PN","-","Aįão","Bovespa","BNAC4"
"NAFG3<XBSP>","Nadir Figuei","ON","Utilidades domésticas","Aįão","Bovespa","NAFG3"
"NAFG4<XBSP>","Nadir Figuei","PN","Utilidades domésticas","Aįão","Bovespa","NAFG4"
"NAKT4<XBSP>","Nakata","PN","-","Aįão","Bovespa","NAKT4"
"NATU3<XBSP>","Natura","ON","Produtos de uso pessoal e de limpeza","Aįão","Bovespa","NATU3"
"NEOE3<XBSP>","Neoenergia","ON","Energia elétrica","Aįão","Bovespa","NEOE3"
"NGRD3<XBSP>","Neogrid","ON","Programas e serviįos","Aįão","Bovespa","NGRD3"
"NETC3<XBSP>","Net","ON","-","Aįão","Bovespa","NETC3"
"NETC4<XBSP>","Net","PN","-","Aįão","Bovespa","NETC4"
"NEWT3B<XBSP>","Newtel Part","ON","Outros","Aįão","Bovespa","NEWT3B"
"NEXP3<XBSP>","Nexpe","ON","Exploraįão de imóveis","Aįão","Bovespa","NEXP3"
"CARB5<XBSP>","Nitrocarbono","PNA","-","Aįão","Bovespa","CARB5"
"NORD3<XBSP>","Nordon Met","ON","Máquinas e equipamentos","Aįão","Bovespa","NORD3"
"NRTQ3<XBSP>","Nortcquimica","ON","Medicamentos e outros produtos","Aįão","Bovespa","NRTQ3"
"BNCA3<XBSP>","Nossa Caixa","ON","-","Aįão","Bovespa","BNCA3"
"NUTR3<XBSP>","Nutriplant","ON","Químicos","Aįão","Bovespa","NUTR3"
"OPCT3<XBSP>","Oceanpact","ON","Petróleo gás e biocombustíveis","Aįão","Bovespa","OPCT3"
"ODBE4<XBSP>","Odebrecht","PN","-","Aįão","Bovespa","ODBE4"
"ODER3<XBSP>","Oderich","ON","Alimentos processados","Aįão","Bovespa","ODER3"
"ODER4<XBSP>","Oderich","PN","Alimentos processados","Aįão","Bovespa","ODER4"
"OGXP3<XBSP>","OGX Petroleo","ON","Petróleo gás e biocombustíveis","Aįão","Bovespa","OGXP3"
"OIBR3<XBSP>","Oi","ON","Telecomunicaįões","Aįão","Bovespa","OIBR3"
"OIBR4<XBSP>","Oi","PN","Telecomunicaįões","Aįão","Bovespa","OIBR4"
"OLMA4<XBSP>","Olma","PN","-","Aįão","Bovespa","OLMA4"
"OLVB4<XBSP>","Olvebra","PN","-","Aįão","Bovespa","OLVB4"
"ONCO3<XBSP>","Oncoclinicas","ON","Serviįos médico-hospitalares análises e diagnósticos","Aįão","Bovespa","ONCO3"
"OPHE3B<XBSP>","Opport Energ","ON","Outros","Aįão","Bovespa","OPHE3B"
"OBTC3<XBSP>","Oranjebtc","ON","-","Aįão","Bovespa","OBTC3"
"ORIO4<XBSP>","Orion","PN","-","Aįão","Bovespa","ORIO4"
"ORVR3<XBSP>","Orizon","ON","Água e saneamento","Aįão","Bovespa","ORVR3"
"OSXB3<XBSP>","OSX Brasil","ON","Petróleo gás e biocombustíveis","Aįão","Bovespa","OSXB3"
"OFSA3<XBSP>","Ourofino S/A","ON","Medicamentos e outros produtos","Aįão","Bovespa","OFSA3"
"OXIT4<XBSP>","Oxiteno","PN","-","Aįão","Bovespa","OXIT4"
"PCAR3<XBSP>","P.Acucar-Cbd","ON","Comércio e distribuiįão","Aįão","Bovespa","PCAR3"
"PCAR4<XBSP>","P.Acucar-Cbd","PN","Comércio e distribuiįão","Aįão","Bovespa","PCAR4"
"PCAR99<XBSP>","P.Acucar-Cbd","UNT","Comércio e distribuiįão","Aįão","Bovespa","PCAR99"
"PACF3<XBSP>","Pacific Rdsl","ON","Serviįos médico-hospitalares análises e diagnósticos","Aįão","Bovespa","PACF3"
"PDTC3<XBSP>","Padtec","ON","Programas e serviįos","Aįão","Bovespa","PDTC3"
"PGMN3<XBSP>","Pague Menos","ON","Comércio e distribuiįão","Aįão","Bovespa","PGMN3"
"PATI3<XBSP>","Panatlantica","ON","Siderurgia e metalurgia","Aįão","Bovespa","PATI3"
"PATI4<XBSP>","Panatlantica","PN","Siderurgia e metalurgia","Aįão","Bovespa","PATI4"
"PNXS4<XBSP>","Panex","PN","-","Aįão","Bovespa","PNXS4"
"PEAB3<XBSP>","Par Al Bahia","ON","Holdings diversificadas","Aįão","Bovespa","PEAB3"
"PEAB4<XBSP>","Par Al Bahia","PN","Holdings diversificadas","Aįão","Bovespa","PEAB4"
"PRBN4<XBSP>","Paraibuna","PN","-","Aįão","Bovespa","PRBN4"
"PMAM3<XBSP>","Paranapanema","ON","Siderurgia e metalurgia","Aįão","Bovespa","PMAM3"
"PMAM4<XBSP>","Paranapanema","PN","Siderurgia e metalurgia","Aįão","Bovespa","PMAM4"
"PALF3<XBSP>","Paul F Luz","ON","-","Aįão","Bovespa","PALF3"
"PALF5<XBSP>","Paul F Luz","PNA","-","Aįão","Bovespa","PALF5"
"PALF6<XBSP>","Paul F Luz","PNB","-","Aįão","Bovespa","PALF6"
"PALF7<XBSP>","Paul F Luz","PNC","-","Aįão","Bovespa","PALF7"
"PDGR3<XBSP>","PDG Realt","ON","Construįão civil","Aįão","Bovespa","PDGR3"
"PXEC4<XBSP>","Peixe","PN","-","Aįão","Bovespa","PXEC4"
"PRSC4<XBSP>","Persico","PN","-","Aįão","Bovespa","PRSC4"
"RPMG3<XBSP>","Pet Manguinh","ON","Petróleo gás e biocombustíveis","Aįão","Bovespa","RPMG3"
"RPMG4<XBSP>","Pet Manguinh","PN","Petróleo gás e biocombustíveis","Aįão","Bovespa","RPMG4"
"PETR3<XBSP>","Petrobras","ON","Petróleo gás e biocombustíveis","Aįão","Bovespa","PETR3"
"PETR4<XBSP>","Petrobras","PN","Petróleo gás e biocombustíveis","Aįão","Bovespa","PETR4"
"BRDT4-old<XBSP>","Petrobras Distrib","PN","-","Aįão","Bovespa","BRDT4-old"
"PEFX3<XBSP>","Petroflex","ON","-","Aįão","Bovespa","PEFX3"
"PEFX5<XBSP>","Petroflex","PNA","-","Aįão","Bovespa","PEFX5"
"PQUN3<XBSP>","Petroq Uniao","ON","-","Aįão","Bovespa","PQUN3"
"PQUN4<XBSP>","Petroq Uniao","PN","-","Aįão","Bovespa","PQUN4"
"PTQS3<XBSP>","Petroquisa","ON","-","Aįão","Bovespa","PTQS3"
"PTQS4<XBSP>","Petroquisa","PN","-","Aįão","Bovespa","PTQS4"
"RECV3<XBSP>","Petrorecsa","ON","Petróleo gás e biocombustíveis","Aįão","Bovespa","RECV3"
"PRIO3<XBSP>","Petrorio","ON","Petróleo gás e biocombustíveis","Aįão","Bovespa","PRIO3"
"PTNT3<XBSP>","Pettenati","ON","Tecidos vestuário e calįados","Aįão","Bovespa","PTNT3"
"PTNT4<XBSP>","Pettenati","PN","Tecidos vestuário e calįados","Aįão","Bovespa","PTNT4"
"AUAU3<XBSP>","Petzcobasi","ON","Comércio","Aįão","Bovespa","AUAU3"
"PVPR4<XBSP>","Peve Predios","PN","-","Aįão","Bovespa","PVPR4"
"PVFS4<XBSP>","Peve-Finasa","PN","-","Aįão","Bovespa","PVFS4"
"PIRE3<XBSP>","Pirelli","ON","-","Aįão","Bovespa","PIRE3"
"PIRE4<XBSP>","Pirelli","PN","-","Aįão","Bovespa","PIRE4"
"PIPN3<XBSP>","Pirelli Pneus","ON","-","Aįão","Bovespa","PIPN3"
"PIPN4<XBSP>","Pirelli Pneus","PN","-","Aįão","Bovespa","PIPN4"
"PLPL3<XBSP>","Planoeplano","ON","Construįão civil","Aįão","Bovespa","PLPL3"
"PLAS3<XBSP>","Plascar Part","ON","Automóveis e motocicletas","Aįão","Bovespa","PLAS3"
"PLAS4<XBSP>","Plascar Part","PN","Automóveis e motocicletas","Aįão","Bovespa","PLAS4"
"POLA3<XBSP>","Polar","ON","-","Aįão","Bovespa","POLA3"
"POLA4<XBSP>","Polar","PN","-","Aįão","Bovespa","POLA4"
"PLDN3<XBSP>","Polialden","ON","-","Aįão","Bovespa","PLDN3"
"PLDN4<XBSP>","Polialden","PN","-","Aįão","Bovespa","PLDN4"
"POPR3<XBSP>","Polipropileno","ON","-","Aįão","Bovespa","POPR3"
"POPR4<XBSP>","Polipropileno","PN","-","Aįão","Bovespa","POPR4"
"PORP3<XBSP>","Polipropileno Parti","ON","-","Aįão","Bovespa","PORP3"
"PORP4<XBSP>","Polipropileno Parti","PN","-","Aįão","Bovespa","PORP4"
"PLTO3<XBSP>","Politeno","ON","-","Aįão","Bovespa","PLTO3"
"PLTO5<XBSP>","Politeno","PNA","-","Aįão","Bovespa","PLTO5"
"PLTO6<XBSP>","Politeno","PNB","-","Aįão","Bovespa","PLTO6"
"PPAR3<XBSP>","Polpar","ON","Outros","Aįão","Bovespa","PPAR3"
"FRTA3<XBSP>","Pomifrutas","ON","Agropecuária","Aįão","Bovespa","FRTA3"
"PSSA3<XBSP>","Porto Seguro","ON","Previdęncia e seguros","Aįão","Bovespa","PSSA3"
"PTBL3<XBSP>","Portobello","ON","Construįão e engenharia","Aįão","Bovespa","PTBL3"
"PTBL4<XBSP>","Portobello","PN","Construįão e engenharia","Aįão","Bovespa","PTBL4"
"PRTX3<XBSP>","Portx","ON","-","Aįão","Bovespa","PRTX3"
"POSI3<XBSP>","Positivo Tec","ON","Computadores e equipamentos","Aįão","Bovespa","POSI3"
"PPLA36<XBSP>","Ppla","A.","Serviįos financeiros diversos","Aįão","Bovespa","PPLA36"
"PPLA35<XBSP>","Ppla","B.","Serviįos financeiros diversos","Aįão","Bovespa","PPLA35"
"PPLA11<XBSP>","Ppla","UNT","Serviįos financeiros diversos","Aįão","Bovespa","PPLA11"
"PQTM3<XBSP>","Pq Hopi Hari","ON","Viagens e lazer","Aįão","Bovespa","PQTM3"
"PQTM4<XBSP>","Pq Hopi Hari","PN","Viagens e lazer","Aįão","Bovespa","PQTM4"
"PRCA3<XBSP>","Pratica","ON","Máquinas e equipamentos","Aįão","Bovespa","PRCA3"
"PTCA3<XBSP>","Pratica","ON","Máquinas e equipamentos","Aįão","Bovespa","PTCA3"
"PTCA11<XBSP>","Pratica","PN Resg","Máquinas e equipamentos","Aįão","Bovespa","PTCA11"
"PRNR3<XBSP>","Priner","ON","Serviįos diversos","Aįão","Bovespa","PRNR3"
"PMET3<XBSP>","Pro Metalurg","ON","-","Aįão","Bovespa","PMET3"
"PMET5<XBSP>","Pro Metalurg","PNA","-","Aįão","Bovespa","PMET5"
"PMET6<XBSP>","Pro Metalurg","PNB","-","Aįão","Bovespa","PMET6"
"PFRM3<XBSP>","Profarma","ON","Comércio e distribuiįão","Aįão","Bovespa","PFRM3"
"BPRG4<XBSP>","Progresso","PN","-","Aįão","Bovespa","BPRG4"
"PRMN3B<XBSP>","Proman","ON","-","Aįão","Bovespa","PRMN3B"
"PMT4<XBSP>","Prometal","PN","-","Aįão","Bovespa","PMT4"
"PRPT3<XBSP>","Prompt Part","ON","Outros","Aįão","Bovespa","PRPT3"
"PNOR3<XBSP>","Pronor","ON","-","Aįão","Bovespa","PNOR3"
"PNOR5<XBSP>","Pronor","PNA","-","Aįão","Bovespa","PNOR5"
"PNOR6<XBSP>","Pronor","PNB","-","Aįão","Bovespa","PNOR6"
"PRVI3<XBSP>","Providencia","ON","-","Aįão","Bovespa","PRVI3"
"PRML3<XBSP>","Prumo","ON","Transporte","Aįão","Bovespa","PRML3"
"QUAL3<XBSP>","Qualicorp","ON","Serviįos médico-hospitalares análises e diagnósticos","Aįão","Bovespa","QUAL3"
"QUSW3<XBSP>","Quality Soft","ON","Programas e serviįos","Aįão","Bovespa","QUSW3"
"SZPQ3<XBSP>","Quattor Petr","ON","-","Aįão","Bovespa","SZPQ3"
"SZPQ4<XBSP>","Quattor Petr","PN","-","Aįão","Bovespa","SZPQ4"
"LJQQ3<XBSP>","Quero-Quero","ON","Comércio","Aįão","Bovespa","LJQQ3"
"QGNE4<XBSP>","Quimica Geral","PN","-","Aįão","Bovespa","QGNE4"
"RAIA3<XBSP>","Raia","ON","-","Aįão","Bovespa","RAIA3"
"RADL3<XBSP>","RaiaDrogasil","ON","Comércio e distribuiįão","Aįão","Bovespa","RADL3"
"DROG5<XBSP>","RaiaDrogasil","PNA","Comércio e distribuiįão","Aįão","Bovespa","DROG5"
"DROG6<XBSP>","RaiaDrogasil","PNB","Comércio e distribuiįão","Aįão","Bovespa","DROG6"
"DROG7<XBSP>","RaiaDrogasil","PNC","Comércio e distribuiįão","Aįão","Bovespa","DROG7"
"DROG8<XBSP>","RaiaDrogasil","PND","Comércio e distribuiįão","Aįão","Bovespa","DROG8"
"DROG11<XBSP>","RaiaDrogasil","PNE","Comércio e distribuiįão","Aįão","Bovespa","DROG11"
"DROG12<XBSP>","RaiaDrogasil","PNF","Comércio e distribuiįão","Aįão","Bovespa","DROG12"
"DROG13<XBSP>","RaiaDrogasil","PNG","Comércio e distribuiįão","Aįão","Bovespa","DROG13"
"DROG14<XBSP>","RaiaDrogasil","PNH","Comércio e distribuiįão","Aįão","Bovespa","DROG14"
"RASL3<XBSP>","Rail Sul","ON","-","Aįão","Bovespa","RASL3"
"RASL4<XBSP>","Rail Sul","PN","-","Aįão","Bovespa","RASL4"
"RAIZ4<XBSP>","Raizen","PN","Agropecuária","Aįão","Bovespa","RAIZ4"
"RAPT3<XBSP>","Randon Part","ON","Material de transporte","Aįão","Bovespa","RAPT3"
"RAPT4<XBSP>","Randon Part","PN","Material de transporte","Aįão","Bovespa","RAPT4"
"RSIP3<XBSP>","Rasip Agro","ON","-","Aįão","Bovespa","RSIP3"
"RSIP4<XBSP>","Rasip Agro","PN","-","Aįão","Bovespa","RSIP4"
"CCTY3<XBSP>","Rdvc City","ON","-","Aįão","Bovespa","CCTY3"
"REAL3<XBSP>","Real","ON","-","Aįão","Bovespa","REAL3"
"REAL4<XBSP>","Real","PN","-","Aįão","Bovespa","REAL4"
"RCPR3<XBSP>","Real Cons Part","ON","-","Aįão","Bovespa","RCPR3"
"RCPR11<XBSP>","Real Cons Part","PNE","-","Aįão","Bovespa","RCPR11"
"RCPR12<XBSP>","Real Cons Part","PNF","-","Aįão","Bovespa","RCPR12"
"RHPR3<XBSP>","Real Holdings","ON","-","Aįão","Bovespa","RHPR3"
"RHPR4<XBSP>","Real Holdings","PN","-","Aįão","Bovespa","RHPR4"
"RPPR3<XBSP>","Realpar Part","ON","-","Aįão","Bovespa","RPPR3"
"RPPR6<XBSP>","Realpar Part","PNB","-","Aįão","Bovespa","RPPR6"
"RCSL3<XBSP>","Recrusul","ON","Material de transporte","Aįão","Bovespa","RCSL3"
"RCSL4<XBSP>","Recrusul","PN","Material de transporte","Aįão","Bovespa","RCSL4"
"RDOR3<XBSP>","Rede D Or","ON","Serviįos médico-hospitalares análises e diagnósticos","Aįão","Bovespa","RDOR3"
"REDE3<XBSP>","Rede Energia","ON","Energia elétrica","Aįão","Bovespa","REDE3"
"REDE4<XBSP>","Rede Energia","PN","Energia elétrica","Aįão","Bovespa","REDE4"
"RDCD3<XBSP>","Redecard","ON","-","Aįão","Bovespa","RDCD3"
"RDTR3<XBSP>","Redentor","ON","-","Aįão","Bovespa","RDTR3"
"RHER4<XBSP>","Ren Hermann","PN","-","Aįão","Bovespa","RHER4"
"RNPT3<XBSP>","Renner Part","ON","-","Aįão","Bovespa","RNPT3"
"RNPT4<XBSP>","Renner Part","PN","-","Aįão","Bovespa","RNPT4"
"RNEW3<XBSP>","Renova","ON","Energia elétrica","Aįão","Bovespa","RNEW3"
"RNEW4<XBSP>","Renova","PN","Energia elétrica","Aįão","Bovespa","RNEW4"
"RNEW11<XBSP>","Renova","UNT N2","Energia elétrica","Aįão","Bovespa","RNEW11"
"OPRE3B<XBSP>","Ret Part","ON","Outros","Aįão","Bovespa","OPRE3B"
"RVEE3<XBSP>","Revee","ON","-","Aįão","Bovespa","RVEE3"
"LATS3<XBSP>","Rexam Bcsa","ON","-","Aįão","Bovespa","LATS3"
"RIAA3<XBSP>","Riachuelo","ON","Comércio","Aįão","Bovespa","RIAA3"
"GUAR4<XBSP>","Riachuelo","PN","Comércio","Aįão","Bovespa","GUAR4"
"REEM3<XBSP>","Rimet","ON","-","Aįão","Bovespa","REEM3"
"REEM4<XBSP>","Rimet","PN","-","Aįão","Bovespa","REEM4"
"RIOS3<XBSP>","Rio Alto","ON","Energia elétrica","Aįão","Bovespa","RIOS3"
"RGEG3<XBSP>","Rio Gde Ener","ON","-","Aįão","Bovespa","RGEG3"
"RSUL3<XBSP>","Riosulense","ON","Material de transporte","Aįão","Bovespa","RSUL3"
"RSUL4<XBSP>","Riosulense","PN","Material de transporte","Aįão","Bovespa","RSUL4"
"RPSA3<XBSP>","Ripasa","ON","-","Aįão","Bovespa","RPSA3"
"RPSA4<XBSP>","Ripasa","PN","-","Aįão","Bovespa","RPSA4"
"RJCP3<XBSP>","Rjcp","ON","Holdings diversificadas","Aįão","Bovespa","RJCP3"
"RDNI3<XBSP>","Rni","ON","Construįão civil","Aįão","Bovespa","RDNI3"
"RBNS11<XBSP>","Rodobens","UNT","Comércio","Aįão","Bovespa","RBNS11"
"ROMI3<XBSP>","Romi","ON","Máquinas e equipamentos","Aįão","Bovespa","ROMI3"
"ROMI4<XBSP>","Romi","PN","Máquinas e equipamentos","Aįão","Bovespa","ROMI4"
"RSID3<XBSP>","Rossi Resid","ON","Construįão civil","Aįão","Bovespa","RSID3"
"RUMO3<XBSP>","Rumo Log","ON","Transporte","Aįão","Bovespa","RUMO3"
"RAIL3<XBSP>","Rumo S.A.","ON","Transporte","Aįão","Bovespa","RAIL3"
"ALLL3<XBSP>","Rumo S.A.","ON-old","Transporte","Aįão","Bovespa","ALLL3"
"ALLL4<XBSP>","Rumo S.A.","PN","Transporte","Aįão","Bovespa","ALLL4"
"ALLL11<XBSP>","Rumo S.A.","UNT N2","Transporte","Aįão","Bovespa","ALLL11"
"BARB3<XBSP>","S Gobain Canal","ON","-","Aįão","Bovespa","BARB3"
"BARB4<XBSP>","S Gobain Canal","PN","-","Aįão","Bovespa","BARB4"
"VSMA3<XBSP>","S Gobain Vidro","ON","-","Aįão","Bovespa","VSMA3"
"SBSP3<XBSP>","Sabesp","ON","Água e saneamento","Aįão","Bovespa","SBSP3"
"SDIA3<XBSP>","Sadia S/A","ON","-","Aįão","Bovespa","SDIA3"
"SDIA4<XBSP>","Sadia S/A","PN","-","Aįão","Bovespa","SDIA4"
"SAEN3<XBSP>","Safira Energ","ON","Energia elétrica","Aįão","Bovespa","SAEN3"
"FCAP3<XBSP>","Sam Industr","ON","-","Aįão","Bovespa","FCAP3"
"FCAP4<XBSP>","Sam Industr","PN","-","Aįão","Bovespa","FCAP4"
"SAMI4<XBSP>","Samitri","PN","-","Aįão","Bovespa","SAMI4"
"SAPR3<XBSP>","Sanepar","ON","Água e saneamento","Aįão","Bovespa","SAPR3"
"SAPR4<XBSP>","Sanepar","PN","Água e saneamento","Aįão","Bovespa","SAPR4"
"SAPR11<XBSP>","Sanepar","UNT N2","Água e saneamento","Aįão","Bovespa","SAPR11"
"SNSY3<XBSP>","Sansuy","ON","Materiais diversos","Aįão","Bovespa","SNSY3"
"SNSY5<XBSP>","Sansuy","PNA","Materiais diversos","Aįão","Bovespa","SNSY5"
"SNSY6<XBSP>","Sansuy","PNB","Materiais diversos","Aįão","Bovespa","SNSY6"
"BNET4<XBSP>","Santander Noroeste","PN","-","Aįão","Bovespa","BNET4"
"CTSA3<XBSP>","Santanense","ON","Tecidos vestuário e calįados","Aįão","Bovespa","CTSA3"
"CTSA4<XBSP>","Santanense","PN","Tecidos vestuário e calįados","Aįão","Bovespa","CTSA4"
"CTSA8<XBSP>","Santanense","PND","Tecidos vestuário e calįados","Aįão","Bovespa","CTSA8"
"MFLU3<XBSP>","Santista Alimentos","ON","-","Aįão","Bovespa","MFLU3"
"ASTA3<XBSP>","Santistextil","ON","-","Aįão","Bovespa","ASTA3"
"ASTA4<XBSP>","Santistextil","PN","-","Aįão","Bovespa","ASTA4"
"STBR3<XBSP>","Santos Bras","ON","-","Aįão","Bovespa","STBR3"
"STBR4<XBSP>","Santos Bras","PN","-","Aįão","Bovespa","STBR4"
"STBR11<XBSP>","Santos Bras","UNT N2","-","Aįão","Bovespa","STBR11"
"STBP3<XBSP>","Santos Brp","ON","Transporte","Aįão","Bovespa","STBP3"
"STBP4<XBSP>","Santos Brp","PN","Transporte","Aįão","Bovespa","STBP4"
"STBP11<XBSP>","Santos Brp","UNT N2","Transporte","Aįão","Bovespa","STBP11"
"SCAR3<XBSP>","Sao Carlos","ON","Exploraįão de imóveis","Aįão","Bovespa","SCAR3"
"SCAR4<XBSP>","Sao Carlos","PN","Exploraįão de imóveis","Aįão","Bovespa","SCAR4"
"SMTO3<XBSP>","Sao Martinho","ON","Alimentos processados","Aįão","Bovespa","SMTO3"
"SLED3<XBSP>","Saraiva Livr","ON","Comércio","Aįão","Bovespa","SLED3"
"SLED4<XBSP>","Saraiva Livr","PN","Comércio","Aįão","Bovespa","SLED4"
"PSEG3<XBSP>","Sauipe","ON","Hotéis e restaurantes","Aįão","Bovespa","PSEG3"
"PSEG4<XBSP>","Sauipe","PN","Hotéis e restaurantes","Aįão","Bovespa","PSEG4"
"VAGV3<XBSP>","Savarg","ON","-","Aįão","Bovespa","VAGV3"
"VAGV4<XBSP>","Savarg","PN","-","Aįão","Bovespa","VAGV4"
"SCLO3<XBSP>","Schlosser","ON","Tecidos vestuário e calįados","Aįão","Bovespa","SCLO3"
"SCLO4<XBSP>","Schlosser","PN","Tecidos vestuário e calįados","Aįão","Bovespa","SCLO4"
"SHUL3<XBSP>","Schulz","ON","Máquinas e equipamentos","Aįão","Bovespa","SHUL3"
"SHUL4<XBSP>","Schulz","PN","Máquinas e equipamentos","Aįão","Bovespa","SHUL4"
"SALM3<XBSP>","Seara Alim","ON","-","Aįão","Bovespa","SALM3"
"SALM4<XBSP>","Seara Alim","PN","-","Aįão","Bovespa","SALM4"
"SEBB3<XBSP>","Seb","ON","-","Aįão","Bovespa","SEBB3"
"SEBB4<XBSP>","Seb","PN","-","Aįão","Bovespa","SEBB4"
"SEBB11<XBSP>","Seb","UNT N2","-","Aįão","Bovespa","SEBB11"
"CSAB3<XBSP>","Seg Al Bahia","ON","Previdęncia e seguros","Aįão","Bovespa","CSAB3"
"CSAB4<XBSP>","Seg Al Bahia","PN","Previdęncia e seguros","Aįão","Bovespa","CSAB4"
"CSMB3<XBSP>","Seg Min Bras","ON","-","Aįão","Bovespa","CSMB3"
"CSMB4<XBSP>","Seg Min Bras","PN","-","Aįão","Bovespa","CSMB4"
"SLCT3B<XBSP>","Selectpart","ON","Outros","Aįão","Bovespa","SLCT3B"
"SEMP3<XBSP>","Semp","ON","-","Aįão","Bovespa","SEMP3"
"SEQL3<XBSP>","Sequoia Log","ON","Serviįos diversos","Aįão","Bovespa","SEQL3"
"SEER3<XBSP>","Ser Educa","ON","Diversos","Aįão","Bovespa","SEER3"
"SRNA3<XBSP>","Serena","ON","Energia elétrica","Aįão","Bovespa","SRNA3"
"SGEN3<XBSP>","Sergen","ON","-","Aįão","Bovespa","SGEN3"
"SGEN4<XBSP>","Sergen","PN","-","Aįão","Bovespa","SGEN4"
"SHAP4<XBSP>","Sharp","PN","-","Aįão","Bovespa","SHAP4"
"SHTM3<XBSP>","Shoptime","ON","-","Aįão","Bovespa","SHTM3"
"SHTM4<XBSP>","Shoptime","PN","-","Aįão","Bovespa","SHTM4"
"SIBR7<XBSP>","Sibra","PNC","-","Aįão","Bovespa","SIBR7"
"ANO5<XBSP>","Sid Aconorte","PNA","-","Aįão","Bovespa","ANO5"
"CSNA3<XBSP>","Sid Nacional","ON","Siderurgia e metalurgia","Aįão","Bovespa","CSNA3"
"RIO4<XBSP>","Sid Riogran","PN","-","Aįão","Bovespa","RIO4"
"CSTB3<XBSP>","Sid Tubarao","ON","-","Aįão","Bovespa","CSTB3"
"CSTB4<XBSP>","Sid Tubarao","PN","-","Aįão","Bovespa","CSTB4"
"SIFC4<XBSP>","Sifco","PN","-","Aįão","Bovespa","SIFC4"
"SIMH3<XBSP>","Simpar","ON","Holdings diversificadas","Aįão","Bovespa","SIMH3"
"SQIA3<XBSP>","Sinqia","ON","Programas e serviįos","Aįão","Bovespa","SQIA3"
"SLCE3<XBSP>","SLC Agricola","ON","Agropecuária","Aįão","Bovespa","SLCE3"
"SMFT3<XBSP>","Smart Fit","ON","Viagens e lazer","Aįão","Bovespa","SMFT3"
"SMFT13<XBSP>","Smart Fit","PNAB","Viagens e lazer","Aįão","Bovespa","SMFT13"
"SMFT14<XBSP>","Smart Fit","PNAE","Viagens e lazer","Aįão","Bovespa","SMFT14"
"SMFT15<XBSP>","Smart Fit","PNAG","Viagens e lazer","Aįão","Bovespa","SMFT15"
"SMFT6<XBSP>","Smart Fit","PNB","Viagens e lazer","Aįão","Bovespa","SMFT6"
"SMFT11<XBSP>","Smart Fit","PNE","Viagens e lazer","Aįão","Bovespa","SMFT11"
"SMFT12<XBSP>","Smart Fit","PNG","Viagens e lazer","Aįão","Bovespa","SMFT12"
"SMLS3<XBSP>","Smiles","ON","Diversos","Aįão","Bovespa","SMLS3"
"SLAL4<XBSP>","Sola","PN","-","Aįão","Bovespa","SLAL4"
"SLBR3<XBSP>","Sole Comex","ON","-","Aįão","Bovespa","SLBR3"
"SLBR4<XBSP>","Sole Comex","PN","-","Aįão","Bovespa","SLBR4"
"SEDU3<XBSP>","Somos Educa","ON","Diversos","Aįão","Bovespa","SEDU3"
"ABRE11<XBSP>","Somos Educa","UNT N2","Diversos","Aįão","Bovespa","ABRE11"
"SOND3<XBSP>","Sondotecnica","ON","Construįão e engenharia","Aįão","Bovespa","SOND3"
"SOND5<XBSP>","Sondotecnica","PNA","Construįão e engenharia","Aįão","Bovespa","SOND5"
"SOND6<XBSP>","Sondotecnica","PNB","Construįão e engenharia","Aįão","Bovespa","SOND6"
"PVLT3<XBSP>","Souto Vidig","ON","-","Aįão","Bovespa","PVLT3"
"CRUZ3<XBSP>","Souza Cruz","ON","-","Aįão","Bovespa","CRUZ3"
"SPEL3<XBSP>","Spel Empreendim","ON","-","Aįão","Bovespa","SPEL3"
"SPEL5<XBSP>","Spel Empreendim","PNA","-","Aįão","Bovespa","SPEL5"
"SPRI3<XBSP>","Springer","ON","Holdings diversificadas","Aįão","Bovespa","SPRI3"
"SPRI5<XBSP>","Springer","PNA","Holdings diversificadas","Aįão","Bovespa","SPRI5"
"SPRI6<XBSP>","Springer","PNB","Holdings diversificadas","Aįão","Bovespa","SPRI6"
"SGPS3<XBSP>","Springs","ON","Tecidos vestuário e calįados","Aįão","Bovespa","SGPS3"
"BFCV4<XBSP>","Spscs Industrial","PN","-","Aįão","Bovespa","BFCV4"
"AHEB3<XBSP>","SPturis","ON","Viagens e lazer","Aįão","Bovespa","AHEB3"
"AHEB5<XBSP>","SPturis","PNA","Viagens e lazer","Aįão","Bovespa","AHEB5"
"AHEB6<XBSP>","SPturis","PNB","Viagens e lazer","Aįão","Bovespa","AHEB6"
"STTR3<XBSP>","Stara","ON","Máquinas e equipamentos","Aįão","Bovespa","STTR3"
"STKF3<XBSP>","Statkraft","ON","Energia elétrica","Aįão","Bovespa","STKF3"
"SUBA3<XBSP>","Submarino","ON","-","Aįão","Bovespa","SUBA3"
"BFIT3<XBSP>","Sudameris","ON","-","Aįão","Bovespa","BFIT3"
"BFIT4<XBSP>","Sudameris","PN","-","Aįão","Bovespa","BFIT4"
"OPSE3<XBSP>","Sudeste S/A","ON","Outros","Aįão","Bovespa","OPSE3"
"OPTS3<XBSP>","Sul 116 Part","ON","Outros","Aįão","Bovespa","OPTS3"
"SASG3<XBSP>","Sul Amer Nac","ON","-","Aįão","Bovespa","SASG3"
"SULA3<XBSP>","Sul America","ON","Previdęncia e seguros","Aįão","Bovespa","SULA3"
"SULA4<XBSP>","Sul America","PN","Previdęncia e seguros","Aįão","Bovespa","SULA4"
"SULA11<XBSP>","Sul America","UNT N2","Previdęncia e seguros","Aįão","Bovespa","SULA11"
"SLCP3<XBSP>","Sulacap","ON","-","Aįão","Bovespa","SLCP3"
"SULT3<XBSP>","Sultepa","ON","Construįão e engenharia","Aįão","Bovespa","SULT3"
"SULT4<XBSP>","Sultepa","PN","Construįão e engenharia","Aįão","Bovespa","SULT4"
"NEMO3<XBSP>","Suzano Hold","ON","Madeira e papel","Aįão","Bovespa","NEMO3"
"NEMO5<XBSP>","Suzano Hold","PNA","Madeira e papel","Aįão","Bovespa","NEMO5"
"NEMO6<XBSP>","Suzano Hold","PNB","Madeira e papel","Aįão","Bovespa","NEMO6"
"SUZB3<XBSP>","Suzano S.A.","ON","Madeira e papel","Aįão","Bovespa","SUZB3"
"SUZB5<XBSP>","Suzano S.A.","PNA","Madeira e papel","Aįão","Bovespa","SUZB5"
"SUZB6<XBSP>","Suzano S.A.","PNB","Madeira e papel","Aįão","Bovespa","SUZB6"
"SAD4<XBSP>","Sv Engenhar","PN","-","Aįão","Bovespa","SAD4"
"SYNE3<XBSP>","Syn Prop Tec","ON","Exploraįão de imóveis","Aįão","Bovespa","SYNE3"
"TAEE3<XBSP>","Taesa","ON","Energia elétrica","Aįão","Bovespa","TAEE3"
"TAEE4<XBSP>","Taesa","PN","Energia elétrica","Aįão","Bovespa","TAEE4"
"TAEE11<XBSP>","Taesa","UNT N2","Energia elétrica","Aįão","Bovespa","TAEE11"
"TAMM3<XBSP>","Tam S/A","ON","-","Aįão","Bovespa","TAMM3"
"TAMM4<XBSP>","Tam S/A","PN","-","Aįão","Bovespa","TAMM4"
"TAMR4<XBSP>","Tam Transp","PN","-","Aįão","Bovespa","TAMR4"
"TRPN3<XBSP>","Tarpon Inv","ON","Serviįos financeiros diversos","Aįão","Bovespa","TRPN3"
"TASA3<XBSP>","Taurus Armas","ON","Máquinas e equipamentos","Aįão","Bovespa","TASA3"
"TASA4<XBSP>","Taurus Armas","PN","Máquinas e equipamentos","Aįão","Bovespa","TASA4"
"TRAD3<XBSP>","TC","ON","Programas e serviįos","Aįão","Bovespa","TRAD3"
"TENE3<XBSP>","Tec Blumenau","ON","Tecidos vestuário e calįados","Aįão","Bovespa","TENE3"
"TENE5<XBSP>","Tec Blumenau","PNA","Tecidos vestuário e calįados","Aįão","Bovespa","TENE5"
"TENE6<XBSP>","Tec Blumenau","PNB","Tecidos vestuário e calįados","Aįão","Bovespa","TENE6"
"TENE7<XBSP>","Tec Blumenau","PNC","Tecidos vestuário e calįados","Aįão","Bovespa","TENE7"
"SJOS3<XBSP>","Tecel S Jose","ON","Tecidos vestuário e calįados","Aįão","Bovespa","SJOS3"
"SJOS4<XBSP>","Tecel S Jose","PN","Tecidos vestuário e calįados","Aįão","Bovespa","SJOS4"
"TECN3<XBSP>","Technos","ON","Tecidos vestuário e calįados","Aįão","Bovespa","TECN3"
"TCHN3<XBSP>","Technos Rel","ON","-","Aįão","Bovespa","TCHN3"
"TCHN4<XBSP>","Technos Rel","PN","-","Aįão","Bovespa","TCHN4"
"TCSA3<XBSP>","Tecnisa","ON","Construįão civil","Aįão","Bovespa","TCSA3"
"TCNO3<XBSP>","Tecnosolo","ON","Construįão e engenharia","Aįão","Bovespa","TCNO3"
"TCNO4<XBSP>","Tecnosolo","PN","Construįão e engenharia","Aįão","Bovespa","TCNO4"
"TOYB3<XBSP>","Tectoy","ON","Viagens e lazer","Aįão","Bovespa","TOYB3"
"TOYB4<XBSP>","Tectoy","PN","Viagens e lazer","Aįão","Bovespa","TOYB4"
"TGMA3<XBSP>","Tegma","ON","Transporte","Aįão","Bovespa","TGMA3"
"TEGA3<XBSP>","Tegra Incorp","ON","Construįão civil","Aįão","Bovespa","TEGA3"
"TEKA3<XBSP>","Teka","ON","Tecidos vestuário e calįados","Aįão","Bovespa","TEKA3"
"TEKA4<XBSP>","Teka","PN","Tecidos vestuário e calįados","Aįão","Bovespa","TEKA4"
"TKNO3<XBSP>","Tekno","ON","Siderurgia e metalurgia","Aįão","Bovespa","TKNO3"
"TKNO4<XBSP>","Tekno","PN","Siderurgia e metalurgia","Aįão","Bovespa","TKNO4"
"TBCP4<XBSP>","Tel B Campo","PN","-","Aįão","Bovespa","TBCP4"
"TCOC3<XBSP>","Tele Centroeste Cel","ON","-","Aįão","Bovespa","TCOC3"
"TCOC4<XBSP>","Tele Centroeste Cel","PN","-","Aįão","Bovespa","TCOC4"
"TLCP3<XBSP>","Tele Leste Celular","ON","-","Aįão","Bovespa","TLCP3"
"TLCP4<XBSP>","Tele Leste Celular","PN","-","Aįão","Bovespa","TLCP4"
"TNEP3<XBSP>","Tele Nordeste Celul","ON","-","Aįão","Bovespa","TNEP3"
"TNEP4<XBSP>","Tele Nordeste Celul","PN","-","Aįão","Bovespa","TNEP4"
"TNCP3<XBSP>","Tele Nort Cl","ON","-","Aįão","Bovespa","TNCP3"
"TNCP4<XBSP>","Tele Nort Cl","PN","-","Aįão","Bovespa","TNCP4"
"TSEP3<XBSP>","Tele Sudeste Celula","ON","-","Aįão","Bovespa","TSEP3"
"TSEP4<XBSP>","Tele Sudeste Celula","PN","-","Aįão","Bovespa","TSEP4"
"TEBA3<XBSP>","Telebahia","ON","-","Aįão","Bovespa","TEBA3"
"TEBA5<XBSP>","Telebahia","PNA","-","Aįão","Bovespa","TEBA5"
"TEBA6<XBSP>","Telebahia","PNB","-","Aįão","Bovespa","TEBA6"
"TBAC3<XBSP>","Telebahia Celular","ON","-","Aįão","Bovespa","TBAC3"
"TBAC6<XBSP>","Telebahia Celular","PNB","-","Aįão","Bovespa","TBAC6"
"TELB3<XBSP>","Telebras","ON","Telecomunicaįões","Aįão","Bovespa","TELB3"
"TELB4<XBSP>","Telebras","PN","Telecomunicaįões","Aįão","Bovespa","TELB4"
"TELB3-old<XBSP>","Telebras (Old)","ON","-","Aįão","Bovespa","TELB3-old"
"TELB4-old<XBSP>","Telebras (Old)","PN","-","Aįão","Bovespa","TELB4-old"
"TBRS3<XBSP>","Telebrasilia","ON","-","Aįão","Bovespa","TBRS3"
"TBRS4<XBSP>","Telebrasilia","PN","-","Aįão","Bovespa","TBRS4"
"VIVT3<XBSP>","Telef Brasil","ON","Telecomunicaįões","Aįão","Bovespa","VIVT3"
"VIVT4<XBSP>","Telef Brasil","PN","Telecomunicaįões","Aįão","Bovespa","VIVT4"
"TDBH3<XBSP>","Telefonica Data Hld","ON","-","Aįão","Bovespa","TDBH3"
"TDBH4<XBSP>","Telefonica Data Hld","PN","-","Aįão","Bovespa","TDBH4"
"TNLP3<XBSP>","Telemar","ON","-","Aįão","Bovespa","TNLP3"
"TNLP4<XBSP>","Telemar","PN","-","Aįão","Bovespa","TNLP4"
"TMAR3<XBSP>","Telemar N L","ON","-","Aįão","Bovespa","TMAR3"
"TMAR5<XBSP>","Telemar N L","PNA","-","Aįão","Bovespa","TMAR5"
"TMAR6<XBSP>","Telemar N L","PNB","-","Aįão","Bovespa","TMAR6"
"TMGR3<XBSP>","Telemig","ON","-","Aįão","Bovespa","TMGR3"
"TMGR6<XBSP>","Telemig","PNB","-","Aįão","Bovespa","TMGR6"
"TMGC3<XBSP>","Telemig Cl","ON","-","Aįão","Bovespa","TMGC3"
"TMGC6<XBSP>","Telemig Cl","PNB","-","Aįão","Bovespa","TMGC6"
"TMGC7<XBSP>","Telemig Cl","PNC","-","Aįão","Bovespa","TMGC7"
"TMGC8<XBSP>","Telemig Cl","PND","-","Aįão","Bovespa","TMGC8"
"TMGC11<XBSP>","Telemig Cl","PNE","-","Aįão","Bovespa","TMGC11"
"TMGC12<XBSP>","Telemig Cl","PNF","-","Aįão","Bovespa","TMGC12"
"TMGC13<XBSP>","Telemig Cl","PNG","-","Aįão","Bovespa","TMGC13"
"TMCP3<XBSP>","Telemig Part","ON","-","Aįão","Bovespa","TMCP3"
"TMCP4<XBSP>","Telemig Part","PN","-","Aįão","Bovespa","TMCP4"
"TRJC3<XBSP>","Telerj Cel","ON","-","Aįão","Bovespa","TRJC3"
"TRJC6<XBSP>","Telerj Cel","PNB","-","Aįão","Bovespa","TRJC6"
"TSPC3<XBSP>","Telesp Cel","ON","-","Aįão","Bovespa","TSPC3"
"TSPC6<XBSP>","Telesp Cel","PNB","-","Aįão","Bovespa","TSPC6"
"TLPP3F<XBSP>","Telesp Part","ON","-","Aįão","Bovespa","TLPP3F"
"TLPP4F<XBSP>","Telesp Part","PN","-","Aįão","Bovespa","TLPP4F"
"TETE3<XBSP>","Telet","ON","-","Aįão","Bovespa","TETE3"
"TETE6<XBSP>","Telet","PNB","-","Aįão","Bovespa","TETE6"
"TLVT3B<XBSP>","Telinvest","ON","Outros","Aįão","Bovespa","TLVT3B"
"TEMP3<XBSP>","Tempo Part","ON","-","Aįão","Bovespa","TEMP3"
"TEND3<XBSP>","Tenda","ON","Construįão civil","Aįão","Bovespa","TEND3"
"TEND3-old<XBSP>","Tenda","ON-old","Construįão civil","Aįão","Bovespa","TEND3-old"
"TERI3<XBSP>","Tereos","ON","-","Aįão","Bovespa","TERI3"
"LAND3<XBSP>","Terrasantapa","ON","Agropecuária","Aįão","Bovespa","LAND3"
"TXRX3<XBSP>","Tex Renaux","ON","Tecidos vestuário e calįados","Aįão","Bovespa","TXRX3"
"TXRX4<XBSP>","Tex Renaux","PN","Tecidos vestuário e calįados","Aįão","Bovespa","TXRX4"
"TARP11<XBSP>","Tig Ltd","A","-","Aįão","Bovespa","TARP11"
"TIMS3<XBSP>","Tim","ON","Telecomunicaįões","Aįão","Bovespa","TIMS3"
"TCSL4<XBSP>","Tim","PN","Telecomunicaįões","Aįão","Bovespa","TCSL4"
"TPEC3B<XBSP>","Tim Nordeste","ON","-","Aįão","Bovespa","TPEC3B"
"TPEC6B<XBSP>","Tim Nordeste","PNB","-","Aįão","Bovespa","TPEC6B"
"TPEC7B<XBSP>","Tim Nordeste","PNC","-","Aįão","Bovespa","TPEC7B"
"TPEC8B<XBSP>","Tim Nordeste","PND","-","Aįão","Bovespa","TPEC8B"
"TPRC3<XBSP>","Tim Sul","ON","-","Aįão","Bovespa","TPRC3"
"TPRC6<XBSP>","Tim Sul","PNB","-","Aįão","Bovespa","TPRC6"
"SHOW3<XBSP>","Time For Fun","ON","Viagens e lazer","Aįão","Bovespa","SHOW3"
"TVIT3<XBSP>","Tivit","ON","-","Aįão","Bovespa","TVIT3"
"TOTS3<XBSP>","Totvs","ON","Programas e serviįos","Aįão","Bovespa","TOTS3"
"TFCO4<XBSP>","Track Field","PN","Tecidos vestuário e calįados","Aįão","Bovespa","TFCO4"
"TRFO3<XBSP>","Trafo","ON","-","Aįão","Bovespa","TRFO3"
"TRFO4<XBSP>","Trafo","PN","-","Aįão","Bovespa","TRFO4"
"TRBR4<XBSP>","Transbrasil","PN","-","Aįão","Bovespa","TRBR4"
"TRPA4<XBSP>","Transparana","PN","-","Aįão","Bovespa","TRPA4"
"LUXM3<XBSP>","Trevisa","ON","Transporte","Aįão","Bovespa","LUXM3"
"LUXM4<XBSP>","Trevisa","PN","Transporte","Aįão","Bovespa","LUXM4"
"CPCA4<XBSP>","Trikem","PN","-","Aįão","Bovespa","CPCA4"
"TRIS3<XBSP>","Trisul","ON","Construįão civil","Aįão","Bovespa","TRIS3"
"TPIS3<XBSP>","Triunfo Part","ON","Transporte","Aįão","Bovespa","TPIS3"
"TRMB4<XBSP>","Trombini","PN","-","Aįão","Bovespa","TRMB4"
"TROR3<XBSP>","Trorion","ON","-","Aįão","Bovespa","TROR3"
"TROR4<XBSP>","Trorion","PN","-","Aįão","Bovespa","TROR4"
"TUPY3<XBSP>","Tupy","ON","Material de transporte","Aįão","Bovespa","TUPY3"
"TUPY4<XBSP>","Tupy","PN","Material de transporte","Aįão","Bovespa","TUPY4"
"UGPA3<XBSP>","Ultrapar","ON","Petróleo gás e biocombustíveis","Aįão","Bovespa","UGPA3"
"UGPA4<XBSP>","Ultrapar","PN","Petróleo gás e biocombustíveis","Aįão","Bovespa","UGPA4"
"UBBR3<XBSP>","Unibanco","ON","-","Aįão","Bovespa","UBBR3"
"UBBR4<XBSP>","Unibanco","PN","-","Aįão","Bovespa","UBBR4"
"UBBR11<XBSP>","Unibanco","UnN1","-","Aįão","Bovespa","UBBR11"
"UBHD3<XBSP>","Unibanco Hld","ON","-","Aįão","Bovespa","UBHD3"
"UBHD6<XBSP>","Unibanco Hld","PNB","-","Aįão","Bovespa","UBHD6"
"UCAS3<XBSP>","Unicasa","ON","Utilidades domésticas","Aįão","Bovespa","UCAS3"
"FIQE3<XBSP>","Unifique","ON","Telecomunicaįões","Aįão","Bovespa","FIQE3"
"UNIP3<XBSP>","Unipar","ON","Químicos","Aįão","Bovespa","UNIP3"
"UNIP5<XBSP>","Unipar","PNA","Químicos","Aįão","Bovespa","UNIP5"
"UNIP6<XBSP>","Unipar","PNB","Químicos","Aįão","Bovespa","UNIP6"
"UOLL3<XBSP>","Uol","ON","-","Aįão","Bovespa","UOLL3"
"UOLL4<XBSP>","Uol","PN","-","Aįão","Bovespa","UOLL4"
"UPKP3<XBSP>","Uptick","ON","Energia elétrica","Aįão","Bovespa","UPKP3"
"USIM3<XBSP>","Usiminas","ON","Siderurgia e metalurgia","Aįão","Bovespa","USIM3"
"USIM5<XBSP>","Usiminas","PNA","Siderurgia e metalurgia","Aįão","Bovespa","USIM5"
"USIM6<XBSP>","Usiminas","PNB","Siderurgia e metalurgia","Aįão","Bovespa","USIM6"
"UCOP3<XBSP>","Usin C Pinto","ON","-","Aįão","Bovespa","UCOP3"
"UCOP4<XBSP>","Usin C Pinto","PN","-","Aįão","Bovespa","UCOP4"
"VALE3<XBSP>","Vale","ON","Mineraįão","Aįão","Bovespa","VALE3"
"VALE5<XBSP>","Vale","PNA","Mineraįão","Aįão","Bovespa","VALE5"
"FFTL3<XBSP>","Valefert","ON","-","Aįão","Bovespa","FFTL3"
"FFTL4<XBSP>","Valefert","PN","-","Aįão","Bovespa","FFTL4"
"VLTR3B<XBSP>","Valetron","ON","-","Aįão","Bovespa","VLTR3B"
"VLTR5B<XBSP>","Valetron","PNA","-","Aįão","Bovespa","VLTR5B"
"VLTR6B<XBSP>","Valetron","PNB","-","Aįão","Bovespa","VLTR6B"
"VLID3<XBSP>","Valid","ON","Serviįos diversos","Aįão","Bovespa","VLID3"
"VAMO3<XBSP>","Vamos","ON","Diversos","Aįão","Bovespa","VAMO3"
"VPSC3<XBSP>","Varig Serv","ON","-","Aįão","Bovespa","VPSC3"
"VPSC4<XBSP>","Varig Serv","PN","-","Aįão","Bovespa","VPSC4"
"VPTA3<XBSP>","Varig Transp","ON","-","Aįão","Bovespa","VPTA3"
"VPTA4<XBSP>","Varig Transp","PN","-","Aįão","Bovespa","VPTA4"
"VASP3<XBSP>","Vasp","ON","-","Aįão","Bovespa","VASP3"
"NCNE3<XBSP>","VBC Energia","ON","-","Aįão","Bovespa","NCNE3"
"NCNE5<XBSP>","VBC Energia","PNA","-","Aįão","Bovespa","NCNE5"
"VSTE3<XBSP>","Veste","ON","Comércio","Aįão","Bovespa","VSTE3"
"VBBR3<XBSP>","Vibra","ON","Petróleo gás e biocombustíveis","Aįão","Bovespa","VBBR3"
"VINE3<XBSP>","Vicunha Text","ON","-","Aįão","Bovespa","VINE3"
"VINE5<XBSP>","Vicunha Text","PNA","-","Aįão","Bovespa","VINE5"
"VINE6<XBSP>","Vicunha Text","PNB","-","Aįão","Bovespa","VINE6"
"VGOR3<XBSP>","Vigor","ON","-","Aįão","Bovespa","VGOR3"
"VGOR4<XBSP>","Vigor","PN","-","Aįão","Bovespa","VGOR4"
"VIGR3<XBSP>","Vigor Food","ON","-","Aįão","Bovespa","VIGR3"
"VTRU3<XBSP>","Vitrueduca","ON","-","Aįão","Bovespa","VTRU3"
"VITT3<XBSP>","Vittia","ON","Químicos","Aįão","Bovespa","VITT3"
"VIVA3<XBSP>","Vivara S.A.","ON","Tecidos vestuário e calįados","Aįão","Bovespa","VIVA3"
"VVAX3<XBSP>","Vivax","ON","-","Aįão","Bovespa","VVAX3"
"VVAX4<XBSP>","Vivax","PN","-","Aįão","Bovespa","VVAX4"
"VVAX11<XBSP>","Vivax","UNT N2","-","Aįão","Bovespa","VVAX11"
"VVEO3<XBSP>","Viveo","ON","Comércio e distribuiįão","Aįão","Bovespa","VVEO3"
"VIVR3<XBSP>","Viver","ON","Construįão civil","Aįão","Bovespa","VIVR3"
"VIVO3<XBSP>","Vivo","ON","-","Aįão","Bovespa","VIVO3"
"VIVO4<XBSP>","Vivo","PN","-","Aįão","Bovespa","VIVO4"
"VTEC4<XBSP>","Votec","PN","-","Aįão","Bovespa","VTEC4"
"VULC3<XBSP>","Vulcabras","ON","Tecidos vestuário e calįados","Aįão","Bovespa","VULC3"
"VULC4<XBSP>","Vulcabras","PN","Tecidos vestuário e calįados","Aįão","Bovespa","VULC4"
"WDCN3<XBSP>","Wdc Networks","ON","Programas e serviįos","Aįão","Bovespa","WDCN3"
"WEGE3<XBSP>","Weg","ON","Máquinas e equipamentos","Aįão","Bovespa","WEGE3"
"WEGE4<XBSP>","Weg","PN","Máquinas e equipamentos","Aįão","Bovespa","WEGE4"
"WMBY3<XBSP>","Wembley","ON","Tecidos vestuário e calįados","Aįão","Bovespa","WMBY3"
"WMBY4<XBSP>","Wembley","PN","Tecidos vestuário e calįados","Aįão","Bovespa","WMBY4"
"WET4<XBSP>","Wentex","PN","-","Aįão","Bovespa","WET4"
"WEST3<XBSP>","Westwing","ON","Programas e serviįos","Aįão","Bovespa","WEST3"
"MWET3<XBSP>","Wetzel S/A","ON","Material de transporte","Aįão","Bovespa","MWET3"
"MWET4<XBSP>","Wetzel S/A","PN","Material de transporte","Aįão","Bovespa","MWET4"
"WHRL3<XBSP>","Whirlpool","ON","Utilidades domésticas","Aįão","Bovespa","WHRL3"
"WHRL4<XBSP>","Whirlpool","PN","Utilidades domésticas","Aįão","Bovespa","WHRL4"
"WHMT3<XBSP>","White Martins","ON","-","Aįão","Bovespa","WHMT3"
"WISA3<XBSP>","Wiest","ON","-","Aįão","Bovespa","WISA3"
"WISA4<XBSP>","Wiest","PN","-","Aįão","Bovespa","WISA4"
"PORT3<XBSP>","Wilson Sons","ON","Transporte","Aįão","Bovespa","PORT3"
"WIZC3<XBSP>","Wiz Co","ON","Previdęncia e seguros","Aįão","Bovespa","WIZC3"
"WLMM3<XBSP>","Wlm Ind Com","ON","Comércio","Aįão","Bovespa","WLMM3"
"WLMM4<XBSP>","Wlm Ind Com","PN","Comércio","Aįão","Bovespa","WLMM4"
"WWOW3<XBSP>","Wow","ON","-","Aįão","Bovespa","WWOW3"
"ILMD3<XBSP>","Yara Brasil","ON","-","Aįão","Bovespa","ILMD3"
"ILMD4<XBSP>","Yara Brasil","PN","-","Aįão","Bovespa","ILMD4"
"YBRA3<XBSP>","Ybyra S/A","ON","Outros","Aįão","Bovespa","YBRA3"
"YDUQ3<XBSP>","Yduqs Part","ON","Diversos","Aįão","Bovespa","YDUQ3"
"ESTC4<XBSP>","Yduqs Part","PN","Diversos","Aįão","Bovespa","ESTC4"
"ESTC11<XBSP>","Yduqs Part","UNT N2","Diversos","Aįão","Bovespa","ESTC11"
"OPZI3B<XBSP>","Zain Part","ON","Outros","Aįão","Bovespa","OPZI3B"
"ZAMP3<XBSP>","Zamp S.A.","ON","Hotéis e restaurantes","Aįão","Bovespa","ZAMP3"
"ZIVI4<XBSP>","Zivi","PN","-","Aįão","Bovespa","ZIVI4"
