"Ativo","Nome","Classe","Subsetor Bovespa","Tipo de Ativo","Bolsa / Fonte"
"TTEN3<XBSP>","3tentos","ON","Agropecuária","Aįão","Bovespa"
"QVUM3B<XBSP>","521 Particip","ON","-","Aįão","Bovespa"
"QVQP3<XBSP>","524 Particip","ON","Outros","Aįão","Bovespa"
"APPA3<XBSP>","A P Participacoes","ON","-","Aįão","Bovespa"
"APPA4<XBSP>","A P Participacoes","PN","-","Aįão","Bovespa"
"ABYA3<XBSP>","Abyara","ON","-","Aįão","Bovespa"
"EALT3<XBSP>","Aco Altona","ON","Máquinas e equipamentos","Aįão","Bovespa"
"EALT4<XBSP>","Aco Altona","PN","Máquinas e equipamentos","Aįão","Bovespa"
"AVIL3<XBSP>","Acos Vill","ON","-","Aįão","Bovespa"
"AVIL4<XBSP>","Acos Vill","PN","-","Aįão","Bovespa"
"ADHM3<XBSP>","Advanced-Dh","ON","Serviįos médico-hospitalares análises e diagnósticos","Aįão","Bovespa"
"AERI3<XBSP>","Aeris","ON","Máquinas e equipamentos","Aįão","Bovespa"
"AESB3<XBSP>","AES Brasil","ON","Energia elétrica","Aįão","Bovespa"
"TIET3<XBSP>","AES Brasil","ON-old","Energia elétrica","Aįão","Bovespa"
"TIET4<XBSP>","AES Brasil","PN","Energia elétrica","Aįão","Bovespa"
"AELP3<XBSP>","AES Elpa","ON","Outros","Aįão","Bovespa"
"AESL3<XBSP>","AES Sul","ON","-","Aįão","Bovespa"
"AESL4<XBSP>","AES Sul","PN","-","Aįão","Bovespa"
"GETI3<XBSP>","AES Tiete","ON","-","Aįão","Bovespa"
"GETI4<XBSP>","AES Tiete","PN","-","Aįão","Bovespa"
"AESO3<XBSP>","Aesoperacoes","ON","Energia elétrica","Aįão","Bovespa"
"AETA3<XBSP>","Aetatis Sec","ON","-","Aįão","Bovespa"
"AFLU3<XBSP>","Afluente","ON","Energia elétrica","Aįão","Bovespa"
"AFLU5<XBSP>","Afluente","PNA","Energia elétrica","Aįão","Bovespa"
"AFLU6<XBSP>","Afluente","PNB","Energia elétrica","Aįão","Bovespa"
"AFLT3<XBSP>","Afluente T","ON","Energia elétrica","Aįão","Bovespa"
"ANDG3B<XBSP>","AGconcessoes","ON","Holdings diversificadas","Aįão","Bovespa"
"ANDG4B<XBSP>","AGconcessoes","PN","Holdings diversificadas","Aįão","Bovespa"
"BSGR3<XBSP>","AGF Brasil","ON","-","Aįão","Bovespa"
"CANT3B<XBSP>","Agpart","ON","Holdings diversificadas","Aįão","Bovespa"
"CANT4B<XBSP>","Agpart","PN","Holdings diversificadas","Aįão","Bovespa"
"AGIN3<XBSP>","Agra Incorp","ON","-","Aįão","Bovespa"
"AGRA4<XBSP>","Agrale","PN","-","Aįão","Bovespa"
"AGEI3<XBSP>","Agre Emp Imo","ON","-","Aįão","Bovespa"
"AGEN33<XBSP>","Agrenco","ON","Comércio e distribuiįão","Aįão","Bovespa"
"GRAO3<XBSP>","Agribrasil","ON","Agropecuária","Aįão","Bovespa"
"SAGR4<XBSP>","Agroceres","PN","-","Aįão","Bovespa"
"AGXY3<XBSP>","Agrogalaxy","ON","Agropecuária","Aįão","Bovespa"
"ALBA3<XBSP>","Albarus","ON","-","Aįão","Bovespa"
"BRGE3<XBSP>","Alfa Consorc","ON","Previdęncia e seguros","Aįão","Bovespa"
"BRGE5<XBSP>","Alfa Consorc","PNA","Previdęncia e seguros","Aįão","Bovespa"
"BRGE6<XBSP>","Alfa Consorc","PNB","Previdęncia e seguros","Aįão","Bovespa"
"BRGE7<XBSP>","Alfa Consorc","PNC","Previdęncia e seguros","Aįão","Bovespa"
"BRGE8<XBSP>","Alfa Consorc","PND","Previdęncia e seguros","Aįão","Bovespa"
"BRGE11<XBSP>","Alfa Consorc","PNE","Previdęncia e seguros","Aįão","Bovespa"
"BRGE12<XBSP>","Alfa Consorc","PNF","Previdęncia e seguros","Aįão","Bovespa"
"ALSC3<XBSP>","Aliansce","ON","Exploraįão de imóveis","Aįão","Bovespa"
"APTI3<XBSP>","Aliperti","ON","Agropecuária","Aįão","Bovespa"
"APTI4<XBSP>","Aliperti","PN","Agropecuária","Aįão","Bovespa"
"FRRN3B<XBSP>","All Norte","ON","Transporte","Aįão","Bovespa"
"FRRN5B<XBSP>","All Norte","PNA","Transporte","Aįão","Bovespa"
"FRRN6B<XBSP>","All Norte","PNB","Transporte","Aįão","Bovespa"
"AALR3<XBSP>","Alliar","ON","Serviįos médico-hospitalares análises e diagnósticos","Aįão","Bovespa"
"ALLD3<XBSP>","Allied","ON","Comércio","Aįão","Bovespa"
"SAGP3B<XBSP>","Allis Part","ON","-","Aįão","Bovespa"
"ALOS3<XBSP>","Allos","ON","Exploraįão de imóveis","Aįão","Bovespa"
"ALPA3<XBSP>","Alpargatas","ON","Tecidos vestuário e calįados","Aįão","Bovespa"
"ALPA4<XBSP>","Alpargatas","PN","Tecidos vestuário e calįados","Aįão","Bovespa"
"APER3<XBSP>","Alper S.A.","ON","Previdęncia e seguros","Aįão","Bovespa"
"AVLL3<XBSP>","Alphaville","ON","Construįão civil","Aįão","Bovespa"
"ALTR3<XBSP>","Altere Sec","ON","-","Aįão","Bovespa"
"ALTS3<XBSP>","Altus S/A","ON","Serviįos diversos","Aįão","Bovespa"
"ALTS11<XBSP>","Altus S/A","PN Resg","Serviįos diversos","Aįão","Bovespa"
"ALUP3<XBSP>","Alupar","ON","Energia elétrica","Aįão","Bovespa"
"ALUP4<XBSP>","Alupar","PN","Energia elétrica","Aįão","Bovespa"
"ALUP11<XBSP>","Alupar","UNT N2","Energia elétrica","Aįão","Bovespa"
"ACES3<XBSP>","Am Inox BR","ON","-","Aįão","Bovespa"
"ACES4<XBSP>","Am Inox BR","PN","-","Aįão","Bovespa"
"ROSI4<XBSP>","Amadeo Rossi","PN","-","Aįão","Bovespa"
"TMAC3B<XBSP>","Amazonia Celular","ON","-","Aįão","Bovespa"
"TMAC5B<XBSP>","Amazonia Celular","PNA","-","Aįão","Bovespa"
"TMAC6B<XBSP>","Amazonia Celular","PNB","-","Aįão","Bovespa"
"TMAC7B<XBSP>","Amazonia Celular","PNC","-","Aįão","Bovespa"
"TMAC8B<XBSP>","Amazonia Celular","PND","-","Aįão","Bovespa"
"TMAC11B<XBSP>","Amazonia Celular","PNE","-","Aįão","Bovespa"
"ABEV3<XBSP>","Ambev S/A","ON","Bebidas","Aįão","Bovespa"
"AMBV4<XBSP>","Ambev S/A","PN","Bebidas","Aįão","Bovespa"
"AMBP3<XBSP>","Ambipar","ON","Água e saneamento","Aįão","Bovespa"
"AMLC4<XBSP>","Amelco","PN","-","Aįão","Bovespa"
"BASU5<XBSP>","America do Sul","PNA","-","Aįão","Bovespa"
"AMER3<XBSP>","Americanas","ON","Comércio","Aįão","Bovespa"
"AMIL3<XBSP>","Amil","ON","-","Aįão","Bovespa"
"CBEE3<XBSP>","Ampla Energ","ON","Energia elétrica","Aįão","Bovespa"
"AMPI3<XBSP>","Ampla Invest","ON","-","Aįão","Bovespa"
"IRON3<XBSP>","Anglo Brazil","ON","-","Aįão","Bovespa"
"AEDU3<XBSP>","Anhanguera","ON","-","Aįão","Bovespa"
"AEDU4<XBSP>","Anhanguera","PN","-","Aįão","Bovespa"
"AEDU11<XBSP>","Anhanguera","UNT N2","-","Aįão","Bovespa"
"ANIM3<XBSP>","Anima","ON","Diversos","Aįão","Bovespa"
"IBAN3<XBSP>","Antarct Nordeste","ON","-","Aįão","Bovespa"
"IBAN5<XBSP>","Antarct Nordeste","PNA","-","Aįão","Bovespa"
"ITLM5<XBSP>","Antarctica MG","PNA","-","Aįão","Bovespa"
"ANTA3<XBSP>","Antarctica Paulista","ON","-","Aįão","Bovespa"
"ANTA4<XBSP>","Antarctica Paulista","PN","-","Aįão","Bovespa"
"ANPB3<XBSP>","Antarctica Pb","ON","-","Aįão","Bovespa"
"ANPB5<XBSP>","Antarctica Pb","PNA","-","Aįão","Bovespa"
"IBPI5<XBSP>","Antarctica Pi","PNA","-","Aįão","Bovespa"
"IBPI6<XBSP>","Antarctica Pi","PNB","-","Aįão","Bovespa"
"AQT4<XBSP>","Aquatec","PN","-","Aįão","Bovespa"
"ARCZ3<XBSP>","Aracruz","ON","-","Aįão","Bovespa"
"ARCZ5<XBSP>","Aracruz","PNA","-","Aįão","Bovespa"
"ARCZ6<XBSP>","Aracruz","PNB","-","Aįão","Bovespa"
"ARND3<XBSP>","Arandu","ON","Programas e serviįos","Aįão","Bovespa"
"VDNP3B<XBSP>","Araucaria","ON","-","Aįão","Bovespa"
"ARCE3<XBSP>","Arcelor BR","ON","-","Aįão","Bovespa"
"ARCE4<XBSP>","Arcelor BR","PN","-","Aįão","Bovespa"
"ARML3<XBSP>","Armac","ON","Máquinas e equipamentos","Aįão","Bovespa"
"ARNO4<XBSP>","Arno","PN","-","Aįão","Bovespa"
"ATBS3<XBSP>","Arteb","ON","-","Aįão","Bovespa"
"ARTR3<XBSP>","Arteris","ON","Transporte","Aįão","Bovespa"
"ARLA3<XBSP>","Arthur Lange","ON","-","Aįão","Bovespa"
"ARLA4<XBSP>","Arthur Lange","PN","-","Aįão","Bovespa"
"ASAI3<XBSP>","Assai","ON","Comércio e distribuiįão","Aįão","Bovespa"
"ATED3<XBSP>","Atom Educ","ON","Outros","Aįão","Bovespa"
"AURA33<XBSP>","Aura 360","ON","Mineraįão","Aįão","Bovespa"
"AURE3<XBSP>","Auren","ON","Energia elétrica","Aįão","Bovespa"
"AUTM3<XBSP>","Autometal","ON","-","Aįão","Bovespa"
"AMOB3<XBSP>","Automob","ON","-","Aįão","Bovespa"
"AXIA3<XBSP>","Axia Energia","ON","Energia elétrica","Aįão","Bovespa"
"AXIA5<XBSP>","Axia Energia","PNA","Energia elétrica","Aįão","Bovespa"
"AXIA6<XBSP>","Axia Energia","PNB","Energia elétrica","Aįão","Bovespa"
"AXIA7<XBSP>","Axia Energia","PNC","Energia elétrica","Aįão","Bovespa"
"AZEV3<XBSP>","Azevedo","ON","Construįão e engenharia","Aįão","Bovespa"
"AZEV4<XBSP>","Azevedo","PN","Construįão e engenharia","Aįão","Bovespa"
"AZTE3<XBSP>","Azt Energia","ON","-","Aįão","Bovespa"
"AZUL3<XBSP>","Azul","ON","Transporte","Aįão","Bovespa"
"AZUL54<XBSP>","Azul","PN","Transporte","Aįão","Bovespa"
"AZZA3<XBSP>","Azzas 2154","ON","Comércio","Aįão","Bovespa"
"BLUT3<XBSP>","B Tech Eqi","ON","Outros","Aįão","Bovespa"
"BLUT4<XBSP>","B Tech Eqi","PN","Outros","Aįão","Bovespa"
"B1003<XBSP>","B100 SA","ON","-","Aįão","Bovespa"
"B3SA3<XBSP>","B3","ON","Serviįos financeiros diversos","Aįão","Bovespa"
"BHEQ4<XBSP>","Bahema Equipament","PN","-","Aįão","Bovespa"
"BSUL5<XBSP>","Bahia Sul","PNA","-","Aįão","Bovespa"
"CBAG3<XBSP>","Ban Armazens","ON","-","Aįão","Bovespa"
"BECE3<XBSP>","Banco Bec","ON","-","Aįão","Bovespa"
"BECE4<XBSP>","Banco Bec","PN","-","Aįão","Bovespa"
"EBEN3<XBSP>","Bandeirante Energ","ON","-","Aįão","Bovespa"
"EBEN4<XBSP>","Bandeirante Energ","PN","-","Aįão","Bovespa"
"BBCM4<XBSP>","Bandeirantes","PN","-","Aįão","Bovespa"
"BESP3<XBSP>","Banespa","ON","-","Aįão","Bovespa"
"BESP4<XBSP>","Banespa","PN","-","Aįão","Bovespa"
"BEPA4<XBSP>","Banestado","PN","-","Aįão","Bovespa"
"LOSA3<XBSP>","Banex S/A","ON","-","Aįão","Bovespa"
"LOSA4<XBSP>","Banex S/A","PN","-","Aįão","Bovespa"
"BNNE3<XBSP>","Banorte","ON","-","Aįão","Bovespa"
"BDLL3<XBSP>","Bardella","ON","Máquinas e equipamentos","Aįão","Bovespa"
"BDLL4<XBSP>","Bardella","PN","Máquinas e equipamentos","Aįão","Bovespa"
"BALM3<XBSP>","Baumer","ON","Equipamentos","Aįão","Bovespa"
"BALM4<XBSP>","Baumer","PN","Equipamentos","Aįão","Bovespa"
"BBML3<XBSP>","Bbmlogistica","ON","Serviįos diversos","Aįão","Bovespa"
"BBSE3<XBSP>","BBSeguridade","ON","Previdęncia e seguros","Aįão","Bovespa"
"BCNA4<XBSP>","BCN","PN","-","Aįão","Bovespa"
"PBEL3B<XBSP>","Belapart","ON","Outros","Aįão","Bovespa"
"PBEL5B<XBSP>","Belapart","PNA","Outros","Aįão","Bovespa"
"PBEL6B<XBSP>","Belapart","PNB","Outros","Aįão","Bovespa"
"BEMA3<XBSP>","Bematech","ON","-","Aįão","Bovespa"
"BEMG3<XBSP>","Bemge","ON","-","Aįão","Bovespa"
"BEMG4<XBSP>","Bemge","PN","-","Aįão","Bovespa"
"BMOB3<XBSP>","Bemobi Tech","ON","Programas e serviįos","Aįão","Bovespa"
"BERG3<XBSP>","Bergamo","ON","-","Aįão","Bovespa"
"BERG5<XBSP>","Bergamo","PNA","-","Aįão","Bovespa"
"BSCT3<XBSP>","Besc","ON","-","Aįão","Bovespa"
"BSCT5<XBSP>","Besc","PNA","-","Aįão","Bovespa"
"BSCT6<XBSP>","Besc","PNB","-","Aįão","Bovespa"
"BTAS5<XBSP>","Beta","PNA","-","Aįão","Bovespa"
"BETP3<XBSP>","Betapart","ON","Outros","Aįão","Bovespa"
"BHGR3<XBSP>","BHG","ON","-","Aįão","Bovespa"
"BMKS3<XBSP>","Bic Monark","ON","Viagens e lazer","Aįão","Bovespa"
"BICB3<XBSP>","Bicbanco","ON","-","Aįão","Bovespa"
"BICB4<XBSP>","Bicbanco","PN","-","Aįão","Bovespa"
"BICB11<XBSP>","Bicbanco","UnN1","-","Aįão","Bovespa"
"BIOB4<XBSP>","Biobras","PN","-","Aįão","Bovespa"
"BIED3<XBSP>","Bioma Educ","ON","Diversos","Aįão","Bovespa"
"BAHI4<XBSP>","Bioma Educ","PN","Diversos","Aįão","Bovespa"
"BIOM3<XBSP>","Biomm","ON","Medicamentos e outros produtos","Aįão","Bovespa"
"BIOM4<XBSP>","Biomm","PN","Medicamentos e outros produtos","Aįão","Bovespa"
"BSEV3<XBSP>","Biosev","ON","Alimentos processados","Aįão","Bovespa"
"GBIO33<XBSP>","Biotoscana","ON","Medicamentos e outros produtos","Aįão","Bovespa"
"BLAU3<XBSP>","Blau","ON","Comércio e distribuiįão","Aįão","Bovespa"
"CTWR3<XBSP>","Blue Tree","ON","-","Aįão","Bovespa"
"BMEF3<XBSP>","BM&F","ON","-","Aįão","Bovespa"
"SOJA3<XBSP>","Boa Safra","ON","Agropecuária","Aįão","Bovespa"
"BOAS3<XBSP>","Boa Vista","ON","Serviįos financeiros diversos","Aįão","Bovespa"
"BBV4<XBSP>","Boavista","PN","-","Aįão","Bovespa"
"BOBR3<XBSP>","Bombril","ON","Produtos de uso pessoal e de limpeza","Aįão","Bovespa"
"BOBR4<XBSP>","Bombril","PN","Produtos de uso pessoal e de limpeza","Aįão","Bovespa"
"BPCO4<XBSP>","Bompreco","PN","-","Aįão","Bovespa"
"IDCO3<XBSP>","Bompreco Bah","ON","-","Aįão","Bovespa"
"IDCO4<XBSP>","Bompreco Bah","PN","-","Aįão","Bovespa"
"BNPA3B<XBSP>","Bonaire Part","ON","Energia elétrica","Aįão","Bovespa"
"STRP3<XBSP>","Botucatu Tex","ON","-","Aįão","Bovespa"
"STRP4<XBSP>","Botucatu Tex","PN","-","Aįão","Bovespa"
"BOVH3<XBSP>","Bovespa Holding","ON","-","Aįão","Bovespa"
"FRPS3<XBSP>","BR Ferrovias","ON","-","Aįão","Bovespa"
"FRPS4<XBSP>","BR Ferrovias","PN","-","Aįão","Bovespa"
"HCBR3<XBSP>","BR Home","ON","Comércio","Aįão","Bovespa"
"BRML3<XBSP>","BR Malls Par","ON","Exploraįão de imóveis","Aįão","Bovespa"
"BPHA3<XBSP>","BR Pharma","ON","Comércio e distribuiįão","Aįão","Bovespa"
"BRPR3<XBSP>","BR Propert","ON","Exploraįão de imóveis","Aįão","Bovespa"
"BRAP3<XBSP>","Bradespar","ON","Mineraįão","Aįão","Bovespa"
"BRAP4<XBSP>","Bradespar","PN","Mineraįão","Aįão","Bovespa"
"BRAP99<XBSP>","Bradespar","UNT","Mineraįão","Aįão","Bovespa"
"SAUD3<XBSP>","Bradsaude","ON","Serviįos médico-hospitalares análises e diagnósticos","Aįão","Bovespa"
"ITPS4<XBSP>","Brampac","PN","-","Aįão","Bovespa"
"BRTP3<XBSP>","Brasil T Par","ON","-","Aįão","Bovespa"
"BRTP4<XBSP>","Brasil T Par","PN","-","Aįão","Bovespa"
"AGRO3<XBSP>","Brasilagro","ON","Agropecuária","Aįão","Bovespa"
"LITS3<XBSP>","Brasilit","ON","-","Aįão","Bovespa"
"BRKM3<XBSP>","Braskem","ON","Químicos","Aįão","Bovespa"
"BRKM5<XBSP>","Braskem","PNA","Químicos","Aįão","Bovespa"
"BRKM6<XBSP>","Braskem","PNB","Químicos","Aįão","Bovespa"
"BMTO3<XBSP>","Brasmotor","ON","Utilidades domésticas","Aįão","Bovespa"
"BMTO4<XBSP>","Brasmotor","PN","Utilidades domésticas","Aįão","Bovespa"
"BPLA5<XBSP>","Brasperola","PNA","-","Aįão","Bovespa"
"BRAV3<XBSP>","Brava","ON","Petróleo gás e biocombustíveis","Aįão","Bovespa"
"BFRE3<XBSP>","Brazilian Fr","ON","-","Aįão","Bovespa"
"BRFS3<XBSP>","BRF SA","ON","Alimentos processados","Aįão","Bovespa"
"PRGA4<XBSP>","BRF SA","PN","Alimentos processados","Aįão","Bovespa"
"BRIT3<XBSP>","Brisanet","ON","Telecomunicaįões","Aįão","Bovespa"
"BRST3<XBSP>","Brisanet","ON","Telecomunicaįões","Aįão","Bovespa"
"BISA3<XBSP>","Brookfield","ON","-","Aįão","Bovespa"
"BRQB3<XBSP>","Brq","ON","Programas e serviįos","Aįão","Bovespa"
"BRUM4<XBSP>","Brumadinho","PN","-","Aįão","Bovespa"
"BUET3<XBSP>","Buettner","ON","Tecidos vestuário e calįados","Aįão","Bovespa"
"BUET4<XBSP>","Buettner","PN","Tecidos vestuário e calįados","Aįão","Bovespa"
"CEVA3<XBSP>","Bunge Alimentos","ON","-","Aįão","Bovespa"
"CEVA4<XBSP>","Bunge Alimentos","PN","-","Aįão","Bovespa"
"MSAN3<XBSP>","Bunge Brasil","ON","-","Aįão","Bovespa"
"MSAN4<XBSP>","Bunge Brasil","PN","-","Aįão","Bovespa"
"MAHS4<XBSP>","Bunge Fertilizantes","PN","-","Aįão","Bovespa"
"CABI3<XBSP>","Cabinda Part","ON","Outros","Aįão","Bovespa"
"CDOU4<XBSP>","Cach Dourada","PN","-","Aįão","Bovespa"
"CIQU3<XBSP>","Cacique","ON","-","Aįão","Bovespa"
"CIQU4<XBSP>","Cacique","PN","-","Aįão","Bovespa"
"CACO3B<XBSP>","Caconde Part","ON","Outros","Aįão","Bovespa"
"CMET3<XBSP>","Caemi","ON","-","Aįão","Bovespa"
"CMET4<XBSP>","Caemi","PN","-","Aįão","Bovespa"
"CAFE3<XBSP>","Caf Brasilia","ON","-","Aįão","Bovespa"
"CAFE4<XBSP>","Caf Brasilia","PN","-","Aįão","Bovespa"
"CAIA3B<XBSP>","Caianda Part","ON","Outros","Aįão","Bovespa"
"CXSE3<XBSP>","Caixa Seguri","ON","Previdęncia e seguros","Aįão","Bovespa"
"CAMB3<XBSP>","Cambuci","ON","Tecidos vestuário e calįados","Aįão","Bovespa"
"CAMB4<XBSP>","Cambuci","PN","Tecidos vestuário e calįados","Aįão","Bovespa"
"CAML3<XBSP>","Camil","ON","Alimentos processados","Aįão","Bovespa"
"CPTP3B<XBSP>","Capitalpart","ON","Outros","Aįão","Bovespa"
"CRBM3<XBSP>","Caraiba Met","ON","-","Aįão","Bovespa"
"CRBM5<XBSP>","Caraiba Met","PNA","-","Aįão","Bovespa"
"CRBM7<XBSP>","Caraiba Met","PNC","-","Aįão","Bovespa"
"CRBM8<XBSP>","Caraiba Met","PND","-","Aįão","Bovespa"
"CRBM11<XBSP>","Caraiba Met","PNE","-","Aįão","Bovespa"
"SOLO4<XBSP>","Cargill Fertilizant","PN","-","Aįão","Bovespa"
"CRFB3<XBSP>","Carrefour BR","ON","Comércio e distribuiįão","Aįão","Bovespa"
"CABR4<XBSP>","Casa Anglo","PN","-","Aįão","Bovespa"
"CASN3<XBSP>","Casan","ON","Água e saneamento","Aįão","Bovespa"
"CASN4<XBSP>","Casan","PN","Água e saneamento","Aįão","Bovespa"
"BHIA3<XBSP>","Casas Bahia","ON","Comércio","Aįão","Bovespa"
"VVAR4<XBSP>","Casas Bahia","PN","Comércio","Aįão","Bovespa"
"VVAR11<XBSP>","Casas Bahia","UNT N2","Comércio","Aįão","Bovespa"
"CBAV3<XBSP>","Cba","ON","Mineraįão","Aįão","Bovespa"
"CCTU3<XBSP>","CBC Cartucho","ON","-","Aįão","Bovespa"
"CCTU4<XBSP>","CBC Cartucho","PN","-","Aįão","Bovespa"
"TRIM3<XBSP>","Cbcc Contact Center","ON","-","Aįão","Bovespa"
"CBVI4<XBSP>","Cbv Ind Mec","PN","-","Aįão","Bovespa"
"CCIM3<XBSP>","CC Des Imob","ON","-","Aįão","Bovespa"
"CCXC3<XBSP>","Ccx Carvao","ON","Outros","Aįão","Bovespa"
"CEAB3<XBSP>","Cea Modas","ON","Comércio","Aįão","Bovespa"
"CEBR3<XBSP>","Ceb","ON","Energia elétrica","Aįão","Bovespa"
"CEBR5<XBSP>","Ceb","PNA","Energia elétrica","Aįão","Bovespa"
"CEBR6<XBSP>","Ceb","PNB","Energia elétrica","Aįão","Bovespa"
"CEDO3<XBSP>","Cedro","ON","Tecidos vestuário e calįados","Aįão","Bovespa"
"CEDO4<XBSP>","Cedro","PN","Tecidos vestuário e calįados","Aįão","Bovespa"
"CEDO6<XBSP>","Cedro","PNB","Tecidos vestuário e calįados","Aįão","Bovespa"
"CEED3<XBSP>","Ceee-D","ON","Energia elétrica","Aįão","Bovespa"
"CEED4<XBSP>","Ceee-D","PN","Energia elétrica","Aįão","Bovespa"
"CGEE3<XBSP>","Ceee-G","ON","Energia elétrica","Aįão","Bovespa"
"CGEE4<XBSP>","Ceee-G","PN","Energia elétrica","Aįão","Bovespa"
"EEEL3<XBSP>","Ceee-T","ON","Energia elétrica","Aįão","Bovespa"
"EEEL4<XBSP>","Ceee-T","PN","Energia elétrica","Aįão","Bovespa"
"CEGR3<XBSP>","Ceg","ON","Gás","Aįão","Bovespa"
"CLSC3<XBSP>","Celesc","ON","Energia elétrica","Aįão","Bovespa"
"CLSC4<XBSP>","Celesc","PN","Energia elétrica","Aįão","Bovespa"
"CLSC5<XBSP>","Celesc","PNA","Energia elétrica","Aįão","Bovespa"
"CGOS3<XBSP>","Celg","ON","-","Aįão","Bovespa"
"CGOS4<XBSP>","Celg","PN","-","Aįão","Bovespa"
"CGOS6<XBSP>","Celg","PNB","-","Aįão","Bovespa"
"GPAR3<XBSP>","Celgpar","ON","Energia elétrica","Aįão","Bovespa"
"CELM3<XBSP>","Celm","ON","-","Aįão","Bovespa"
"CEPE3<XBSP>","Celpe","ON","Energia elétrica","Aįão","Bovespa"
"CEPE5<XBSP>","Celpe","PNA","Energia elétrica","Aįão","Bovespa"
"CEPE6<XBSP>","Celpe","PNB","Energia elétrica","Aįão","Bovespa"
"MAPT3<XBSP>","Cemepe","ON","Outros","Aįão","Bovespa"
"MAPT4<XBSP>","Cemepe","PN","Outros","Aįão","Bovespa"
"CMIG3<XBSP>","Cemig","ON","Energia elétrica","Aįão","Bovespa"
"CMIG4<XBSP>","Cemig","PN","Energia elétrica","Aįão","Bovespa"
"CTLG3<XBSP>","Cent Aįu","ON","-","Aįão","Bovespa"
"CTMI3<XBSP>","Cent Min-Rio","ON","-","Aįão","Bovespa"
"CESP3<XBSP>","Cesp","ON","Energia elétrica","Aįão","Bovespa"
"CESP5<XBSP>","Cesp","PNA","Energia elétrica","Aįão","Bovespa"
"CESP6<XBSP>","Cesp","PNB","Energia elétrica","Aįão","Bovespa"
"CETE3<XBSP>","Ceterp","ON","-","Aįão","Bovespa"
"CETE4<XBSP>","Ceterp","PN","-","Aįão","Bovespa"
"CTIP3<XBSP>","Cetip","ON","Serviįos financeiros diversos","Aįão","Bovespa"
"CVPT3<XBSP>","Ceval Part","ON","-","Aįão","Bovespa"
"CVPT4<XBSP>","Ceval Part","PN","-","Aįão","Bovespa"
"CHAP3<XBSP>","Chapeco","ON","-","Aįão","Bovespa"
"CHAP4<XBSP>","Chapeco","PN","-","Aįão","Bovespa"
"CCHI3<XBSP>","Chiarelli","ON","Construįão e engenharia","Aįão","Bovespa"
"CCHI4<XBSP>","Chiarelli","PN","Construįão e engenharia","Aįão","Bovespa"
"HGTX3<XBSP>","Cia Hering","ON","Tecidos vestuário e calįados","Aįão","Bovespa"
"HGTX4<XBSP>","Cia Hering","PN","Tecidos vestuário e calįados","Aįão","Bovespa"
"CSIP6<XBSP>","Cia Siderurgica Paulista Cosipa (Antiga)","PNB","-","Aįão","Bovespa"
"CIC4<XBSP>","Cica","PN","-","Aįão","Bovespa"
"CIEL3<XBSP>","Cielo","ON","Serviįos financeiros diversos","Aįão","Bovespa"
"ICPI3<XBSP>","Cim Itau","ON","-","Aįão","Bovespa"
"ICPI4<XBSP>","Cim Itau","PN","-","Aįão","Bovespa"
"MAFE3<XBSP>","Cimaf","ON","-","Aįão","Bovespa"
"GAFP3<XBSP>","Cimob Partic","ON","-","Aįão","Bovespa"
"GAFP4<XBSP>","Cimob Partic","PN","-","Aįão","Bovespa"
"CMSA3<XBSP>","Cims","ON","Outros","Aįão","Bovespa"
"CMSA4<XBSP>","Cims","PN","Outros","Aįão","Bovespa"
"CNSY3<XBSP>","Cinesystem","ON","Mídia","Aįão","Bovespa"
"CLAN3<XBSP>","Clarion","ON","-","Aįão","Bovespa"
"CLAN4<XBSP>","Clarion","PN","-","Aįão","Bovespa"
"CLSA3<XBSP>","Clearsale","ON","Serviįos financeiros diversos","Aįão","Bovespa"
"CMMA3<XBSP>","Cma Part","ON","-","Aįão","Bovespa"
"CMMA4<XBSP>","Cma Part","PN","-","Aįão","Bovespa"
"COAR3<XBSP>","Coari Part","ON","-","Aįão","Bovespa"
"COAR4<XBSP>","Coari Part","PN","-","Aįão","Bovespa"
"CBMA3<XBSP>","Cobrasma","ON","Material de transporte","Aįão","Bovespa"
"CBMA4<XBSP>","Cobrasma","PN","Material de transporte","Aįão","Bovespa"
"CEEB3<XBSP>","Coelba","ON","Energia elétrica","Aįão","Bovespa"
"CEEB5<XBSP>","Coelba","PNA","Energia elétrica","Aįão","Bovespa"
"CEEB6<XBSP>","Coelba","PNB","Energia elétrica","Aįão","Bovespa"
"COCE3<XBSP>","Coelce","ON","Energia elétrica","Aįão","Bovespa"
"COCE5<XBSP>","Coelce","PNA","Energia elétrica","Aįão","Bovespa"
"COCE6<XBSP>","Coelce","PNB","Energia elétrica","Aįão","Bovespa"
"FAPC4<XBSP>","Cofap","PN","-","Aįão","Bovespa"
"COGN3<XBSP>","Cogna ON","ON","Diversos","Aįão","Bovespa"
"KROT4<XBSP>","Cogna ON","PN","Diversos","Aįão","Bovespa"
"KROT11<XBSP>","Cogna ON","UNT N2","Diversos","Aįão","Bovespa"
"IVIL4<XBSP>","Coinvest","PN","-","Aįão","Bovespa"
"CLDX4<XBSP>","Coldex","PN","-","Aįão","Bovespa"
"COMR3<XBSP>","Comerc","ON","Energia elétrica","Aįão","Bovespa"
"CGAS3<XBSP>","Comgas","ON","Gás","Aįão","Bovespa"
"CGAS5<XBSP>","Comgas","PNA","Gás","Aįão","Bovespa"
"CPNY3<XBSP>","Company","ON","-","Aįão","Bovespa"
"PASS3<XBSP>","Compass Gas","ON","Gás","Aįão","Bovespa"
"PASS5<XBSP>","Compass Gas","PNA","Gás","Aįão","Bovespa"
"PASS6<XBSP>","Compass Gas","PNB","Gás","Aįão","Bovespa"
"CRTE3<XBSP>","Conc Rio Ter","ON","Transporte","Aįão","Bovespa"
"CRTE5<XBSP>","Conc Rio Ter","PNA","Transporte","Aįão","Bovespa"
"CNFB3<XBSP>","Confab","ON","-","Aįão","Bovespa"
"CNFB4<XBSP>","Confab","PN","-","Aįão","Bovespa"
"CALI3<XBSP>","Const A Lind","ON","Construįão civil","Aįão","Bovespa"
"CALI4<XBSP>","Const A Lind","PN","Construįão civil","Aįão","Bovespa"
"COBE3B<XBSP>","Const Beter","ON","-","Aįão","Bovespa"
"COBE5B<XBSP>","Const Beter","PNA","-","Aįão","Bovespa"
"COBE6B<XBSP>","Const Beter","PNB","-","Aįão","Bovespa"
"CTAX3<XBSP>","Contax","ON","Serviįos diversos","Aįão","Bovespa"
"CTAX4<XBSP>","Contax","PN","Serviįos diversos","Aįão","Bovespa"
"CTAX11<XBSP>","Contax","UNT N2","Serviįos diversos","Aįão","Bovespa"
"CTLU4<XBSP>","Continental","PN","-","Aįão","Bovespa"
"COPA4<XBSP>","Copas","PN","-","Aįão","Bovespa"
"CSMG3<XBSP>","Copasa","ON","Água e saneamento","Aįão","Bovespa"
"CPLE3<XBSP>","Copel","ON","Energia elétrica","Aįão","Bovespa"
"CPLE5<XBSP>","Copel","PNA","Energia elétrica","Aįão","Bovespa"
"CPLE6<XBSP>","Copel","PNB","Energia elétrica","Aįão","Bovespa"
"CPLE11<XBSP>","Copel","UNT","Energia elétrica","Aįão","Bovespa"
"CPSL3<XBSP>","Copesul","ON","-","Aįão","Bovespa"
"CORR3<XBSP>","Cor Ribeiro","ON","Exploraįão de imóveis","Aįão","Bovespa"
"CORR4<XBSP>","Cor Ribeiro","PN","Exploraįão de imóveis","Aįão","Bovespa"
"CBTA4<XBSP>","Corbetta","PN","-","Aįão","Bovespa"
"CSAN3<XBSP>","Cosan","ON","Petróleo gás e biocombustíveis","Aįão","Bovespa"
"RLOG3<XBSP>","Cosan Log","ON","Transporte","Aįão","Bovespa"
"CZLT33<XBSP>","Cosan Ltd","ON A","Petróleo gás e biocombustíveis","Aįão","Bovespa"
"CSRN3<XBSP>","Cosern","ON","Energia elétrica","Aįão","Bovespa"
"CSRN5<XBSP>","Cosern","PNA","Energia elétrica","Aįão","Bovespa"
"CSRN6<XBSP>","Cosern","PNB","Energia elétrica","Aįão","Bovespa"
"CSPC3<XBSP>","Cosipa","ON","-","Aįão","Bovespa"
"CSPC4<XBSP>","Cosipa","PN","-","Aįão","Bovespa"
"CTNM3<XBSP>","Coteminas","ON","Tecidos vestuário e calįados","Aįão","Bovespa"
"CTNM4<XBSP>","Coteminas","PN","Tecidos vestuário e calįados","Aįão","Bovespa"
"CPFE3<XBSP>","CPFL Energia","ON","Energia elétrica","Aįão","Bovespa"
"CPFG3<XBSP>","CPFL Geracao","ON","-","Aįão","Bovespa"
"CPFG4<XBSP>","CPFL Geracao","PN","-","Aįão","Bovespa"
"CPFP3<XBSP>","CPFL Piratininga","ON","-","Aįão","Bovespa"
"CPFP4<XBSP>","CPFL Piratininga","PN","-","Aįão","Bovespa"
"CPRE3<XBSP>","CPFL Renovav","ON","Energia elétrica","Aįão","Bovespa"
"CREM3<XBSP>","Cremer","ON","Medicamentos e outros produtos","Aįão","Bovespa"
"CREM4-old<XBSP>","Cremer (Antiga)","PN","-","Aįão","Bovespa"
"CRPG3<XBSP>","Cristal","ON","Químicos","Aįão","Bovespa"
"CRPG5<XBSP>","Cristal","PNA","Químicos","Aįão","Bovespa"
"CRPG6<XBSP>","Cristal","PNB","Químicos","Aįão","Bovespa"
"CRTP3<XBSP>","Crt Celular","ON","-","Aįão","Bovespa"
"CRTP5<XBSP>","Crt Celular","PNA","-","Aįão","Bovespa"
"CRGT5<XBSP>","Crt Ciargtelec","PNA","-","Aįão","Bovespa"
"CSED3<XBSP>","Cruzeiro Edu","ON","Diversos","Aįão","Bovespa"
"CZRS3<XBSP>","Cruzeiro Sul","ON","-","Aįão","Bovespa"
"CZRS4<XBSP>","Cruzeiro Sul","PN","-","Aįão","Bovespa"
"CMIN3<XBSP>","Csn Mineracao","ON","Mineraįão","Aįão","Bovespa"
"CSUD3<XBSP>","Csu Digital","ON","Serviįos financeiros diversos","Aįão","Bovespa"
"CTCA3<XBSP>","Ctc S.A.","ON","Agropecuária","Aįão","Bovespa"
"CURY3<XBSP>","Cury S/A","ON","Construįão civil","Aįão","Bovespa"
"CVCB3<XBSP>","Cvc Brasil","ON","Viagens e lazer","Aįão","Bovespa"
"CYRE3<XBSP>","Cyrela Realt","ON","Construįão civil","Aįão","Bovespa"
"CYRE4old<XBSP>","Cyrela Realt","PN","Construįão civil","Aįão","Bovespa"
"CYRE4<XBSP>","Cyrela Realt","PN Resg","Construįão civil","Aįão","Bovespa"
"CZAR4<XBSP>","Czarina","PN","-","Aįão","Bovespa"
"DFVA3<XBSP>","D F Vasconc","ON","-","Aįão","Bovespa"
"DFVA4<XBSP>","D F Vasconc","PN","-","Aįão","Bovespa"
"DMVF3<XBSP>","D1000vfarma","ON","Comércio e distribuiįão","Aįão","Bovespa"
"OPDL3B<XBSP>","Daleth Part","ON","-","Aįão","Bovespa"
"DASA3<XBSP>","Dasa","ON","Serviįos médico-hospitalares análises e diagnósticos","Aįão","Bovespa"
"DSUL3<XBSP>","Datasul","ON","-","Aįão","Bovespa"
"DESK3<XBSP>","Desktopsigma","ON","Telecomunicaįões","Aįão","Bovespa"
"DXCO3<XBSP>","Dexco","ON","Madeira e papel","Aįão","Bovespa"
"DEXP3<XBSP>","Dexxos Par","ON","Químicos","Aįão","Bovespa"
"DEXP4<XBSP>","Dexxos Par","PN","Químicos","Aįão","Bovespa"
"DHBI3<XBSP>","DHB","ON","Automóveis e motocicletas","Aįão","Bovespa"
"DHBI4<XBSP>","DHB","PN","Automóveis e motocicletas","Aįão","Bovespa"
"DJON3<XBSP>","Dijon","ON","-","Aįão","Bovespa"
"DJON4<XBSP>","Dijon","PN","-","Aįão","Bovespa"
"PNVL3<XBSP>","Dimed","ON","Comércio e distribuiįão","Aįão","Bovespa"
"PNVL4<XBSP>","Dimed","PN","Comércio e distribuiįão","Aįão","Bovespa"
"DNEN3B<XBSP>","Dinamica Ene","ON","-","Aįão","Bovespa"
"DIRR3<XBSP>","Direcional","ON","Construįão civil","Aįão","Bovespa"
"DXTG3<XBSP>","Dixie Toga","ON","-","Aįão","Bovespa"
"DXTG4<XBSP>","Dixie Toga","PN","-","Aįão","Bovespa"
"IMBI3<XBSP>","Doc Imbituba","ON","Transporte","Aįão","Bovespa"
"IMBI4<XBSP>","Doc Imbituba","PN","Transporte","Aįão","Bovespa"
"DOCA3<XBSP>","Docas","ON","-","Aįão","Bovespa"
"DOCA4<XBSP>","Docas","PN","-","Aįão","Bovespa"
"DOHL3<XBSP>","Dohler","ON","Tecidos vestuário e calįados","Aįão","Bovespa"
"DOHL4<XBSP>","Dohler","PN","Tecidos vestuário e calįados","Aįão","Bovespa"
"DMMO3<XBSP>","Dommo","ON","Petróleo gás e biocombustíveis","Aįão","Bovespa"
"CALA3B<XBSP>","Dommo Empr","ON","Outros","Aįão","Bovespa"
"CALA4B<XBSP>","Dommo Empr","PN","Outros","Aįão","Bovespa"
"DOMO3<XBSP>","Domus Populi","ON","-","Aįão","Bovespa"
"DOTZ3<XBSP>","Dotz SA","ON","Diversos","Aįão","Bovespa"
"ARPS3<XBSP>","Douat Textil","ON","-","Aįão","Bovespa"
"ARPS4<XBSP>","Douat Textil","PN","-","Aįão","Bovespa"
"DTCY3<XBSP>","Dtcom Direct","ON","Serviįos diversos","Aįão","Bovespa"
"DTCY4<XBSP>","Dtcom Direct","PN","Serviįos diversos","Aįão","Bovespa"
"DAGB33<XBSP>","Dufry AG","ON","Comércio","Aįão","Bovespa"
"DUFB11<XBSP>","Dufrybras","ON","-","Aįão","Bovespa"
"DURA3<XBSP>","Duratex-Old","ON","-","Aįão","Bovespa"
"DURA4<XBSP>","Duratex-Old","PN","-","Aįão","Bovespa"
"ECIS3<XBSP>","Ecisa","ON","-","Aįão","Bovespa"
"ECIS4<XBSP>","Ecisa","PN","-","Aįão","Bovespa"
"BCE3<XBSP>","Economico","ON","-","Aįão","Bovespa"
"BCE4<XBSP>","Economico","PN","-","Aįão","Bovespa"
"ECOR3<XBSP>","Ecorodovias","ON","Transporte","Aįão","Bovespa"
"EDNE5<XBSP>","Edn","PNA","-","Aįão","Bovespa"
"ASSM3<XBSP>","Eldorado","ON","-","Aįão","Bovespa"
"ASSM4<XBSP>","Eldorado","PN","-","Aįão","Bovespa"
"REPA4<XBSP>","Electrolux","PN","-","Aįão","Bovespa"
"ELEK3<XBSP>","Elekeiroz","ON","Químicos","Aįão","Bovespa"
"ELEK4<XBSP>","Elekeiroz","PN","Químicos","Aįão","Bovespa"
"EKTR3<XBSP>","Elektro","ON","Energia elétrica","Aįão","Bovespa"
"EKTR4<XBSP>","Elektro","PN","Energia elétrica","Aįão","Bovespa"
"ELMD3<XBSP>","Eletromidia","ON","Mídia","Aįão","Bovespa"
"ETRO3B<XBSP>","Eletron","ON","Outros","Aįão","Bovespa"
"LIPR3<XBSP>","Eletropar","ON","Energia elétrica","Aįão","Bovespa"
"ELPL3<XBSP>","Eletropaulo","ON","Energia elétrica","Aįão","Bovespa"
"ELPL4<XBSP>","Eletropaulo","PN","Energia elétrica","Aįão","Bovespa"
"ELPL5<XBSP>","Eletropaulo","PNA","Energia elétrica","Aįão","Bovespa"
"ELPL11-old<XBSP>","Eletropaulo (Old)","PNB","-","Aįão","Bovespa"
"ELEV3<XBSP>","Eleva","ON","-","Aįão","Bovespa"
"ELAT3<XBSP>","Elevad Atlas","ON","-","Aįão","Bovespa"
"ELUM3<XBSP>","Eluma","ON","-","Aįão","Bovespa"
"ELUM4<XBSP>","Eluma","PN","-","Aįão","Bovespa"
"EMAE3<XBSP>","Emae","ON","Energia elétrica","Aįão","Bovespa"
"EMAE4<XBSP>","Emae","PN","Energia elétrica","Aįão","Bovespa"
"EPAR3<XBSP>","Embpar S/A","ON","Comércio","Aįão","Bovespa"
"BTTL4<XBSP>","Embpar S/A","PN","Comércio","Aįão","Bovespa"
"EBCO3<XBSP>","Embraco","ON","-","Aįão","Bovespa"
"EBCO4<XBSP>","Embraco","PN","-","Aįão","Bovespa"
"EMBJ3<XBSP>","Embraer","ON","Material de transporte","Aįão","Bovespa"
"EMBR4<XBSP>","Embraer","PN","Material de transporte","Aįão","Bovespa"
"EBTP3<XBSP>","Embratel Part","ON","-","Aįão","Bovespa"
"EBTP4<XBSP>","Embratel Part","PN","-","Aįão","Bovespa"
"ENAT3<XBSP>","Enauta Part","ON","Petróleo gás e biocombustíveis","Aįão","Bovespa"
"ECPR3<XBSP>","Encorpar","ON","Tecidos vestuário e calįados","Aįão","Bovespa"
"ECPR4<XBSP>","Encorpar","PN","Tecidos vestuário e calįados","Aįão","Bovespa"
"ENBR3<XBSP>","Energias BR","ON","Energia elétrica","Aįão","Bovespa"
"ENGI3<XBSP>","Energisa","ON","Energia elétrica","Aįão","Bovespa"
"ENGI4<XBSP>","Energisa","PN","Energia elétrica","Aįão","Bovespa"
"ENGI11<XBSP>","Energisa","UNT N2","Energia elétrica","Aįão","Bovespa"
"ENMT3<XBSP>","Energisa Mt","ON","Energia elétrica","Aįão","Bovespa"
"ENMT4<XBSP>","Energisa Mt","PN","Energia elétrica","Aįão","Bovespa"
"ENER3<XBSP>","Enersul","ON","-","Aįão","Bovespa"
"ENER5<XBSP>","Enersul","PNA","-","Aįão","Bovespa"
"ENER6<XBSP>","Enersul","PNB","-","Aįão","Bovespa"
"ENEV3<XBSP>","Eneva","ON","Energia elétrica","Aįão","Bovespa"
"ENG5<XBSP>","Engesa","PNA","-","Aįão","Bovespa"
"EGIE3<XBSP>","Engie Brasil","ON","Energia elétrica","Aįão","Bovespa"
"TBLE5<XBSP>","Engie Brasil","PNA","Energia elétrica","Aįão","Bovespa"
"TBLE6<XBSP>","Engie Brasil","PNB","Energia elétrica","Aįão","Bovespa"
"ENJU3<XBSP>","Enjoei","ON","Programas e serviįos","Aįão","Bovespa"
"TRIC4<XBSP>","Enxuta","PN","-","Aįão","Bovespa"
"EPTE4<XBSP>","Epte","PN","-","Aįão","Bovespa"
"EQMA3B<XBSP>","Eqtl Maranhao","ON","Energia elétrica","Aįão","Bovespa"
"EQMA5B<XBSP>","Eqtl Maranhao","PNA","Energia elétrica","Aįão","Bovespa"
"EQMA6B<XBSP>","Eqtl Maranhao","PNB","Energia elétrica","Aįão","Bovespa"
"EQPA3<XBSP>","Eqtl Para","ON","Energia elétrica","Aįão","Bovespa"
"EQPA5<XBSP>","Eqtl Para","PNA","Energia elétrica","Aįão","Bovespa"
"EQPA6<XBSP>","Eqtl Para","PNB","Energia elétrica","Aįão","Bovespa"
"EQPA7<XBSP>","Eqtl Para","PNC","Energia elétrica","Aįão","Bovespa"
"EQTL3<XBSP>","Equatorial","ON","Energia elétrica","Aįão","Bovespa"
"EQTL4<XBSP>","Equatorial","PN","Energia elétrica","Aįão","Bovespa"
"EQTL11<XBSP>","Equatorial","UNT N2","Energia elétrica","Aįão","Bovespa"
"ERIC3<XBSP>","Ericsson","ON","-","Aįão","Bovespa"
"ERIC4<XBSP>","Ericsson","PN","-","Aįão","Bovespa"
"ESCE3<XBSP>","Escelsa","ON","-","Aįão","Bovespa"
"ESPA3<XBSP>","Espacolaser","ON","Comércio","Aįão","Bovespa"
"BPIA3<XBSP>","Est Piaui","ON","-","Aįão","Bovespa"
"ALPK3<XBSP>","Estapar","ON","Serviįos diversos","Aįão","Bovespa"
"ESTR3<XBSP>","Estrela","ON","Viagens e lazer","Aįão","Bovespa"
"ESTR4<XBSP>","Estrela","PN","Viagens e lazer","Aįão","Bovespa"
"ETER3<XBSP>","Eternit","ON","Construįão e engenharia","Aįão","Bovespa"
"ETER4<XBSP>","Eternit","PN","Construįão e engenharia","Aįão","Bovespa"
"EUCA3<XBSP>","Eucatex","ON","Madeira e papel","Aįão","Bovespa"
"EUCA4<XBSP>","Eucatex","PN","Madeira e papel","Aįão","Bovespa"
"EUFA3<XBSP>","Eurofarma SA","ON","-","Aįão","Bovespa"
"EVEN3<XBSP>","Even","ON","Construįão civil","Aįão","Bovespa"
"PTPA3<XBSP>","Evora","ON","-","Aįão","Bovespa"
"PTPA4<XBSP>","Evora","PN","-","Aįão","Bovespa"
"BAUH3<XBSP>","Excelsior","ON","Alimentos processados","Aįão","Bovespa"
"BAUH4<XBSP>","Excelsior","PN","Alimentos processados","Aįão","Bovespa"
"EZTC3<XBSP>","Eztec","ON","Construįão civil","Aįão","Bovespa"
"FLCL3<XBSP>","F Cataguazes","ON","-","Aįão","Bovespa"
"FLCL5<XBSP>","F Cataguazes","PNA","-","Aįão","Bovespa"
"FLCL6<XBSP>","F Cataguazes","PNB","-","Aįão","Bovespa"
"FGUI3<XBSP>","F Guimaraes","ON","-","Aįão","Bovespa"
"FGUI4<XBSP>","F Guimaraes","PN","-","Aįão","Bovespa"
"FTRX3<XBSP>","Fab C Renaux","ON","-","Aįão","Bovespa"
"FTRX4<XBSP>","Fab C Renaux","PN","-","Aįão","Bovespa"
"FLBR3<XBSP>","Fer Demellot","ON","-","Aįão","Bovespa"
"FLBR4<XBSP>","Fer Demellot","PN","-","Aįão","Bovespa"
"FHER3<XBSP>","Fer Heringer","ON","Químicos","Aįão","Bovespa"
"FESA3<XBSP>","Ferbasa","ON","Siderurgia e metalurgia","Aįão","Bovespa"
"FESA4<XBSP>","Ferbasa","PN","Siderurgia e metalurgia","Aįão","Bovespa"
"CPFL4<XBSP>","Ferro Ligas","PN","-","Aįão","Bovespa"
"FTSE4<XBSP>","Ferti Serrana","PN","-","Aįão","Bovespa"
"FBRA3<XBSP>","Fertibras","ON","-","Aįão","Bovespa"
"FBRA4<XBSP>","Fertibras","PN","-","Aįão","Bovespa"
"FTSU4<XBSP>","Fertisul","PN","-","Aįão","Bovespa"
"FTZA4<XBSP>","Fertiza","PN","-","Aįão","Bovespa"
"FBMC3<XBSP>","Fibam","ON","Siderurgia e metalurgia","Aįão","Bovespa"
"FBMC4<XBSP>","Fibam","PN","Siderurgia e metalurgia","Aįão","Bovespa"
"FIBR3<XBSP>","Fibria","ON","Madeira e papel","Aįão","Bovespa"
"VCPA4<XBSP>","Fibria","PN","Madeira e papel","Aįão","Bovespa"
"FIEI3<XBSP>","Fica","ON","Construįão civil","Aįão","Bovespa"
"FICT3<XBSP>","Fictoralimen","ON","Outros","Aįão","Bovespa"
"FLRY3<XBSP>","Fleury","ON","Serviįos médico-hospitalares análises e diagnósticos","Aįão","Bovespa"
"FLEX3<XBSP>","Flex S/A","ON","Serviįos diversos","Aįão","Bovespa"
"CFLU3<XBSP>","Fluminense Refriger","ON","-","Aįão","Bovespa"
"CFLU4<XBSP>","Fluminense Refriger","PN","-","Aįão","Bovespa"
"POWE3<XBSP>","Focus ON","ON","Energia elétrica","Aįão","Bovespa"
"FOMS3<XBSP>","Fornodeminas","ON","Alimentos processados","Aįão","Bovespa"
"BFB3<XBSP>","Francesbras","ON","-","Aįão","Bovespa"
"FGOS4<XBSP>","Frangosul","PN","-","Aįão","Bovespa"
"FRAS3<XBSP>","Fras-Le","ON","Material de transporte","Aįão","Bovespa"
"FRAS4<XBSP>","Fras-Le","PN","Material de transporte","Aįão","Bovespa"
"FRI3<XBSP>","Frigobras","ON","-","Aįão","Bovespa"
"FRI4<XBSP>","Frigobras","PN","-","Aįão","Bovespa"
"FTRT3B<XBSP>","Futuretel","ON","Outros","Aįão","Bovespa"
"G2DI33<XBSP>","G2d Invest","A","Serviįos financeiros diversos","Aįão","Bovespa"
"GFSA3<XBSP>","Gafisa","ON","Construįão civil","Aįão","Bovespa"
"GFSA5<XBSP>","Gafisa","PNA","Construįão civil","Aįão","Bovespa"
"OPGM3<XBSP>","Gama Part","ON","Outros","Aįão","Bovespa"
"GAZO3<XBSP>","Gazola","ON","-","Aįão","Bovespa"
"GAZO4<XBSP>","Gazola","PN","-","Aįão","Bovespa"
"GSHP3<XBSP>","Generalshopp","ON","Exploraįão de imóveis","Aįão","Bovespa"
"AMRI3<XBSP>","Geodex","ON","-","Aįão","Bovespa"
"AMRI7<XBSP>","Geodex","PNC","-","Aįão","Bovespa"
"AMRI8<XBSP>","Geodex","PND","-","Aįão","Bovespa"
"AMRI11<XBSP>","Geodex","PNE","-","Aįão","Bovespa"
"GEPA3<XBSP>","Ger Paranap","ON","Energia elétrica","Aįão","Bovespa"
"GEPA4<XBSP>","Ger Paranap","PN","Energia elétrica","Aįão","Bovespa"
"EMXS4<XBSP>","Geral de Concreto","PN","-","Aįão","Bovespa"
"GGBR3<XBSP>","Gerdau","ON","Siderurgia e metalurgia","Aįão","Bovespa"
"GGBR4<XBSP>","Gerdau","PN","Siderurgia e metalurgia","Aįão","Bovespa"
"GOAU3<XBSP>","Gerdau Met","ON","Siderurgia e metalurgia","Aįão","Bovespa"
"GOAU4<XBSP>","Gerdau Met","PN","Siderurgia e metalurgia","Aįão","Bovespa"
"GETT3<XBSP>","Getnet BR","ON","Serviįos financeiros diversos","Aįão","Bovespa"
"GETT4<XBSP>","Getnet BR","PN","Serviįos financeiros diversos","Aįão","Bovespa"
"GETT11<XBSP>","Getnet BR","UNT","Serviįos financeiros diversos","Aįão","Bovespa"
"GLAS4<XBSP>","Glasslite","PN","-","Aįão","Bovespa"
"GOLL53<XBSP>","Gol","ON","Transporte","Aįão","Bovespa"
"GOLL54<XBSP>","Gol","PN","Transporte","Aįão","Bovespa"
"GPIV33<XBSP>","GP Invest","A","Serviįos financeiros diversos","Aįão","Bovespa"
"GGPS3<XBSP>","Gps","ON","Serviįos diversos","Aįão","Bovespa"
"EGGY3<XBSP>","Granja Faria","ON","-","Aįão","Bovespa"
"GRNL3<XBSP>","Granoleo","ON","-","Aįão","Bovespa"
"GRNL4<XBSP>","Granoleo","PN","-","Aįão","Bovespa"
"CGRA3<XBSP>","Grazziotin","ON","Comércio","Aįão","Bovespa"
"CGRA4<XBSP>","Grazziotin","PN","Comércio","Aįão","Bovespa"
"GRND3<XBSP>","Grendene","ON","Tecidos vestuário e calįados","Aįão","Bovespa"
"GRUC3<XBSP>","Grucai","ON","Outros","Aįão","Bovespa"
"GRUC6<XBSP>","Grucai","PNB","Outros","Aįão","Bovespa"
"GMAT3<XBSP>","Grupo Mateus","ON","Comércio e distribuiįão","Aįão","Bovespa"
"SALT3<XBSP>","Grupo Salta","ON","Diversos","Aįão","Bovespa"
"SALT5<XBSP>","Grupo Salta","PNA","Diversos","Aįão","Bovespa"
"SALT6<XBSP>","Grupo Salta","PNB","Diversos","Aįão","Bovespa"
"SBFG3<XBSP>","Grupo Sbf","ON","Comércio","Aįão","Bovespa"
"SOMA3<XBSP>","Grupo Soma","ON","Comércio","Aįão","Bovespa"
"TOKY3<XBSP>","Grupo Toky","ON","Programas e serviįos","Aįão","Bovespa"
"GTDP3B<XBSP>","Gtd Partic","ON","-","Aįão","Bovespa"
"GTDP4B<XBSP>","Gtd Partic","PN","-","Aįão","Bovespa"
"ACGU3<XBSP>","Guarani","ON","-","Aįão","Bovespa"
"GVTT3<XBSP>","GVT Holding","ON","-","Aįão","Bovespa"
"HBTS3<XBSP>","Habitasul","ON","Exploraįão de imóveis","Aįão","Bovespa"
"HBTS5<XBSP>","Habitasul","PNA","Exploraįão de imóveis","Aįão","Bovespa"
"HBTS6<XBSP>","Habitasul","PNB","Exploraįão de imóveis","Aįão","Bovespa"
"HAGA3<XBSP>","Haga S/A","ON","Construįão e engenharia","Aįão","Bovespa"
"HAGA4<XBSP>","Haga S/A","PN","Construįão e engenharia","Aįão","Bovespa"
"HAPV3<XBSP>","Hapvida","ON","Serviįos médico-hospitalares análises e diagnósticos","Aįão","Bovespa"
"HPIA3<XBSP>","Harpia Part","ON","-","Aįão","Bovespa"
"HBRE3<XBSP>","Hbr Realty","ON","Exploraįão de imóveis","Aįão","Bovespa"
"HBOR3<XBSP>","Helbor","ON","Construįão civil","Aįão","Bovespa"
"HETA3<XBSP>","Hercules","ON","Utilidades domésticas","Aįão","Bovespa"
"HETA4<XBSP>","Hercules","PN","Utilidades domésticas","Aįão","Bovespa"
"HGTX4-old<XBSP>","Hering Text","PN","-","Aįão","Bovespa"
"HBSA3<XBSP>","Hidrovias","ON","Transporte","Aįão","Bovespa"
"HMOB3<XBSP>","Hmobi S/A","ON","Transporte","Aįão","Bovespa"
"HOOT3<XBSP>","Hoteis Othon","ON","Hotéis e restaurantes","Aįão","Bovespa"
"HOOT4<XBSP>","Hoteis Othon","PN","Hotéis e restaurantes","Aįão","Bovespa"
"BSEG4<XBSP>","HSBC Seguros","PN","-","Aįão","Bovespa"
"HYPE3<XBSP>","Hypera","ON","Comércio e distribuiįão","Aįão","Bovespa"
"IENG3<XBSP>","Ienergia","ON","-","Aįão","Bovespa"
"IENG5<XBSP>","Ienergia","PNA","-","Aįão","Bovespa"
"IENG6<XBSP>","Ienergia","PNB","-","Aįão","Bovespa"
"IGBR3<XBSP>","IGB S/A","ON","Exploraįão de imóveis","Aįão","Bovespa"
"IGBR5<XBSP>","IGB S/A","PNA","Exploraįão de imóveis","Aįão","Bovespa"
"IGBR6<XBSP>","IGB S/A","PNB","Exploraįão de imóveis","Aįão","Bovespa"
"IGBR7<XBSP>","IGB S/A","PNC","Exploraįão de imóveis","Aįão","Bovespa"
"IGSN3<XBSP>","Igua SA","ON","Água e saneamento","Aįão","Bovespa"
"IGUA3<XBSP>","Iguacu Cafe","ON","-","Aįão","Bovespa"
"IGUA5<XBSP>","Iguacu Cafe","PNA","-","Aįão","Bovespa"
"IGUA6<XBSP>","Iguacu Cafe","PNB","-","Aįão","Bovespa"
"IGTA3<XBSP>","Iguatemi","ON","Exploraįão de imóveis","Aįão","Bovespa"
"IGTI3<XBSP>","Iguatemi SA","ON","Exploraįão de imóveis","Aįão","Bovespa"
"IGTI4<XBSP>","Iguatemi SA","PN","Exploraįão de imóveis","Aįão","Bovespa"
"JPSA4<XBSP>","Iguatemi SA","PN-old","Exploraįão de imóveis","Aįão","Bovespa"
"IGTI11<XBSP>","Iguatemi SA","UNT","Exploraįão de imóveis","Aįão","Bovespa"
"PARD3<XBSP>","Ihpardini","ON","Serviįos médico-hospitalares análises e diagnósticos","Aįão","Bovespa"
"IMCH3<XBSP>","Imc Holdings","ON","-","Aįão","Bovespa"
"MEAL3<XBSP>","Imc S/A","ON","Hotéis e restaurantes","Aįão","Bovespa"
"IMPE4<XBSP>","Imperio","PN","-","Aįão","Bovespa"
"IBRC4<XBSP>","Inbrac","PN","-","Aįão","Bovespa"
"INNC3<XBSP>","Inc SA","ON","Construįão civil","Aįão","Bovespa"
"CATA3<XBSP>","Ind Cataguas","ON","Tecidos vestuário e calįados","Aįão","Bovespa"
"CATA4<XBSP>","Ind Cataguas","PN","Tecidos vestuário e calįados","Aįão","Bovespa"
"INEP3<XBSP>","Inepar","ON","Máquinas e equipamentos","Aįão","Bovespa"
"INEP4<XBSP>","Inepar","PN","Máquinas e equipamentos","Aįão","Bovespa"
"IFCM3<XBSP>","Infracomm","ON","Programas e serviįos","Aįão","Bovespa"
"INTB3<XBSP>","Intelbras","ON","Computadores e equipamentos","Aįão","Bovespa"
"GNDI3<XBSP>","Intermedica","ON","Serviįos médico-hospitalares análises e diagnósticos","Aįão","Bovespa"
"IVPR3B<XBSP>","Invepar","ON","Transporte","Aįão","Bovespa"
"IVPR4B<XBSP>","Invepar","PN","Transporte","Aįão","Bovespa"
"FIGE3<XBSP>","Invest Bemge","ON","Outros","Aįão","Bovespa"
"FIGE4<XBSP>","Invest Bemge","PN","Outros","Aįão","Bovespa"
"MYPK3<XBSP>","Iochp-Maxion","ON","Automóveis e motocicletas","Aįão","Bovespa"
"MYPK4<XBSP>","Iochp-Maxion","PN","Automóveis e motocicletas","Aįão","Bovespa"
"DPPI3<XBSP>","Ipiranga Dis","ON","-","Aįão","Bovespa"
"DPPI4<XBSP>","Ipiranga Dis","PN","-","Aįão","Bovespa"
"PTIP3<XBSP>","Ipiranga Pet","ON","-","Aįão","Bovespa"
"PTIP4<XBSP>","Ipiranga Pet","PN","-","Aįão","Bovespa"
"RIPI3<XBSP>","Ipiranga Ref","ON","-","Aįão","Bovespa"
"RIPI4<XBSP>","Ipiranga Ref","PN","-","Aįão","Bovespa"
"RANI3<XBSP>","Irani","ON","Embalagens","Aįão","Bovespa"
"RANI4<XBSP>","Irani","PN","Embalagens","Aįão","Bovespa"
"IRBR3<XBSP>","Irbbrasil Re","ON","Previdęncia e seguros","Aįão","Bovespa"
"ISAE3<XBSP>","Isa Energia","ON","Energia elétrica","Aįão","Bovespa"
"ISAE4<XBSP>","Isa Energia","PN","Energia elétrica","Aįão","Bovespa"
"SQRM3<XBSP>","Itaitinga","ON","Outros","Aįão","Bovespa"
"SQRM4<XBSP>","Itaitinga","PN","Outros","Aįão","Bovespa"
"SQRM11<XBSP>","Itaitinga","PRB","Outros","Aįão","Bovespa"
"ITSA3<XBSP>","Itausa","ON","Holdings diversificadas","Aįão","Bovespa"
"ITSA4<XBSP>","Itausa","PN","Holdings diversificadas","Aįão","Bovespa"
"ITEC3<XBSP>","Itautec","ON","Computadores e equipamentos","Aįão","Bovespa"
"IVEN3<XBSP>","Iven","ON","-","Aįão","Bovespa"
"IVEN4<XBSP>","Iven","PN","-","Aįão","Bovespa"
"VRLM4<XBSP>","Ivi","PN","-","Aįão","Bovespa"
"JALL3<XBSP>","Jallesmachad","ON","Alimentos processados","Aįão","Bovespa"
"JFAB4<XBSP>","Jaragua Fabril","PN","-","Aįão","Bovespa"
"JBSS3<XBSP>","JBS","ON","Alimentos processados","Aįão","Bovespa"
"JBSS32<XBSP>","JBS Nv","ON","-","Aįão","Bovespa"
"JHSF3<XBSP>","JHSF Part","ON","Construįão civil","Aįão","Bovespa"
"JFEN3<XBSP>","Joao Fortes","ON","Construįão civil","Aįão","Bovespa"
"JOPA3<XBSP>","Josapar","ON","Alimentos processados","Aįão","Bovespa"
"JOPA4<XBSP>","Josapar","PN","Alimentos processados","Aįão","Bovespa"
"JSLG3<XBSP>","JSL","ON","Transporte","Aįão","Bovespa"
"KLAS3<XBSP>","Kallas","ON","Construįão civil","Aįão","Bovespa"
"CTKA3<XBSP>","Karsten","ON","Tecidos vestuário e calįados","Aįão","Bovespa"
"CTKA4<XBSP>","Karsten","PN","Tecidos vestuário e calįados","Aįão","Bovespa"
"KEPL3<XBSP>","Kepler Weber","ON","Máquinas e equipamentos","Aįão","Bovespa"
"RCLL3<XBSP>","Klab Riocell","ON","-","Aįão","Bovespa"
"RCLL4<XBSP>","Klab Riocell","PN","-","Aįão","Bovespa"
"RCLL5<XBSP>","Klab Riocell","PNA","-","Aįão","Bovespa"
"RCLL7<XBSP>","Klab Riocell","PNC","-","Aįão","Bovespa"
"KLBN3<XBSP>","Klabin S/A","ON","Madeira e papel","Aįão","Bovespa"
"KLBN4<XBSP>","Klabin S/A","PN","Madeira e papel","Aįão","Bovespa"
"KLBN11<XBSP>","Klabin S/A","UNT N2","Madeira e papel","Aįão","Bovespa"
"KSSA3<XBSP>","Klabinsegall","ON","-","Aįão","Bovespa"
"KRSA3<XBSP>","Kora Saude","ON","Serviįos médico-hospitalares análises e diagnósticos","Aįão","Bovespa"
"ARTE3<XBSP>","Kuala","ON","-","Aįão","Bovespa"
"ARTE4<XBSP>","Kuala","PN","-","Aįão","Bovespa"
"LFFE3<XBSP>","La Fonte Tel","ON","Telecomunicaįões","Aįão","Bovespa"
"LFFE4<XBSP>","La Fonte Tel","PN","Telecomunicaįões","Aįão","Bovespa"
"MILK33<XBSP>","Laep","A","Alimentos processados","Aįão","Bovespa"
"LARK3<XBSP>","Lark Maqs","ON","-","Aįão","Bovespa"
"LARK4<XBSP>","Lark Maqs","PN","-","Aįão","Bovespa"
"LAVV3<XBSP>","Lavvi","ON","Construįão civil","Aįão","Bovespa"
"LLBI3<XBSP>","Le Biscuit","ON","Comércio","Aįão","Bovespa"
"LLBI4<XBSP>","Le Biscuit","PN","Comércio","Aįão","Bovespa"
"LECO3<XBSP>","Leco","ON","-","Aįão","Bovespa"
"LECO4<XBSP>","Leco","PN","-","Aįão","Bovespa"
"PITI3<XBSP>","LF Tel","ON","-","Aįão","Bovespa"
"PITI4<XBSP>","LF Tel","PN","-","Aįão","Bovespa"
"MLPP3<XBSP>","Lfparticip","ON","-","Aįão","Bovespa"
"LIAS4<XBSP>","Liasa","PN","-","Aįão","Bovespa"
"LMED3<XBSP>","Lifemed","ON","Equipamentos","Aįão","Bovespa"
"LIGT3<XBSP>","Light S/A","ON","Energia elétrica","Aįão","Bovespa"
"ILLS4<XBSP>","Linhas Circulo","PN","-","Aįão","Bovespa"
"LINX3<XBSP>","Linx","ON","Programas e serviįos","Aįão","Bovespa"
"LTEL3B<XBSP>","Litel","ON","Mineraįão","Aįão","Bovespa"
"LTEL5B<XBSP>","Litel","PNA","Mineraįão","Aįão","Bovespa"
"LTEL11B<XBSP>","Litel","PRB","Mineraįão","Aįão","Bovespa"
"LTLA3B<XBSP>","Litela","ON","Mineraįão","Aįão","Bovespa"
"LGLO3<XBSP>","Livr Globo","ON","-","Aįão","Bovespa"
"LGLO4<XBSP>","Livr Globo","PN","-","Aįão","Bovespa"
"LIXC3<XBSP>","Lix da Cunha","ON","Construįão e engenharia","Aįão","Bovespa"
"LIXC4<XBSP>","Lix da Cunha","PN","Construįão e engenharia","Aįão","Bovespa"
"RENT3<XBSP>","Localiza","ON","Diversos","Aįão","Bovespa"
"RENT4<XBSP>","Localiza","PN Resg","Diversos","Aįão","Bovespa"
"LCAM3<XBSP>","Locamerica","ON","Diversos","Aįão","Bovespa"
"LOGG3<XBSP>","Log Com Prop","ON","Exploraįão de imóveis","Aįão","Bovespa"
"LOGN3<XBSP>","Log-In","ON","Transporte","Aįão","Bovespa"
"LAME3<XBSP>","Lojas Americ","ON","Comércio","Aįão","Bovespa"
"LAME4<XBSP>","Lojas Americ","PN","Comércio","Aįão","Bovespa"
"LAME99<XBSP>","Lojas Americ","UNT","Comércio","Aįão","Bovespa"
"LAME98<XBSP>","Lojas Americ","UNT","Comércio","Aįão","Bovespa"
"LOAR4<XBSP>","Lojas Arapua","PN","-","Aįão","Bovespa"
"LHER3<XBSP>","Lojas Hering","ON","Exploraįão de imóveis","Aįão","Bovespa"
"LHER4<XBSP>","Lojas Hering","PN","Exploraįão de imóveis","Aįão","Bovespa"
"AMAR3<XBSP>","Lojas Marisa","ON","Comércio","Aįão","Bovespa"
"LREN3<XBSP>","Lojas Renner","ON","Comércio","Aįão","Bovespa"
"LREN4<XBSP>","Lojas Renner","PN","Comércio","Aįão","Bovespa"
"SPRT3B<XBSP>","Longdis","ON","Outros","Aįão","Bovespa"
"LPSB3<XBSP>","Lopes Brasil","ON","Exploraįão de imóveis","Aįão","Bovespa"
"LORZ4<XBSP>","Lorenz","PN","-","Aįão","Bovespa"
"LUPA3<XBSP>","Lupatech","ON","Petróleo gás e biocombustíveis","Aįão","Bovespa"
"LWSA3<XBSP>","Lwsa","ON","Programas e serviįos","Aįão","Bovespa"
"RHDS3<XBSP>","M G Poliest","ON","-","Aįão","Bovespa"
"RHDS4<XBSP>","M G Poliest","PN","-","Aįão","Bovespa"
"MDIA3<XBSP>","M.Diasbranco","ON","Alimentos processados","Aįão","Bovespa"
"MADE4<XBSP>","Madeirit","PN","-","Aįão","Bovespa"
"MSRO3<XBSP>","Maestroloc","ON","Diversos","Aįão","Bovespa"
"MGLU3<XBSP>","Magaz Luiza","ON","Comércio","Aįão","Bovespa"
"MAGS3<XBSP>","Magnesita","ON","-","Aįão","Bovespa"
"MAGS5<XBSP>","Magnesita","PNA","-","Aįão","Bovespa"
"MAGS7<XBSP>","Magnesita","PNC","-","Aįão","Bovespa"
"MAGG3<XBSP>","Magnesita SA","ON","Materiais diversos","Aįão","Bovespa"
"MLCF4<XBSP>","Mahle-Cofap","PN","-","Aįão","Bovespa"
"GALO4<XBSP>","Maio Gallo","PN","-","Aįão","Bovespa"
"MAKR3<XBSP>","Makro","ON","-","Aįão","Bovespa"
"MNSA3<XBSP>","Manasa","ON","-","Aįão","Bovespa"
"MNSA4<XBSP>","Manasa","PN","-","Aįão","Bovespa"
"MGEL3<XBSP>","Mangels Indl","ON","Siderurgia e metalurgia","Aįão","Bovespa"
"MGEL4<XBSP>","Mangels Indl","PN","Siderurgia e metalurgia","Aįão","Bovespa"
"MANM3<XBSP>","Mannesmann","ON","-","Aįão","Bovespa"
"MANM4<XBSP>","Mannesmann","PN","-","Aįão","Bovespa"
"MAOR3B<XBSP>","Maori","ON","Outros","Aįão","Bovespa"
"MAOR4B<XBSP>","Maori","PN","Outros","Aįão","Bovespa"
"CTPC3<XBSP>","Marambaia","ON","-","Aįão","Bovespa"
"CTPC4<XBSP>","Marambaia","PN","-","Aįão","Bovespa"
"POMO3<XBSP>","Marcopolo","ON","Material de transporte","Aįão","Bovespa"
"POMO4<XBSP>","Marcopolo","PN","Material de transporte","Aįão","Bovespa"
"MBRF3<XBSP>","Marfrig","ON","Alimentos processados","Aįão","Bovespa"
"MRSL3<XBSP>","Marisol","ON","-","Aįão","Bovespa"
"MRSL4<XBSP>","Marisol","PN","-","Aįão","Bovespa"
"MATD3<XBSP>","Mater Dei","ON","Serviįos médico-hospitalares análises e diagnósticos","Aįão","Bovespa"
"MCWS3<XBSP>","Mcom Wireles","ON","-","Aįão","Bovespa"
"MCWS4<XBSP>","Mcom Wireles","PN","-","Aįão","Bovespa"
"MEC4<XBSP>","Mec Pesada","PN","-","Aįão","Bovespa"
"MEDI3<XBSP>","Medial Saude","ON","-","Aįão","Bovespa"
"MSPA3<XBSP>","Melhor SP","ON","Madeira e papel","Aįão","Bovespa"
"MSPA4<XBSP>","Melhor SP","PN","Madeira e papel","Aįão","Bovespa"
"CASH3<XBSP>","Meliuz","ON","Programas e serviįos","Aįão","Bovespa"
"MELK3<XBSP>","Melnick","ON","Construįão civil","Aįão","Bovespa"
"MLPA3<XBSP>","Melpaper","ON","-","Aįão","Bovespa"
"MLPA4<XBSP>","Melpaper","PN","-","Aįão","Bovespa"
"MEND3<XBSP>","Mendes Jr","ON","Construįão e engenharia","Aįão","Bovespa"
"MEND5<XBSP>","Mendes Jr","PNA","Construįão e engenharia","Aįão","Bovespa"
"MEND6<XBSP>","Mendes Jr","PNB","Construįão e engenharia","Aįão","Bovespa"
"MNZC3<XBSP>","Menezes Cort","ON","Exploraįão de imóveis","Aįão","Bovespa"
"BMCT4<XBSP>","Merc S Paulo","PN","-","Aįão","Bovespa"
"MESB4<XBSP>","Mesbla","PN","-","Aįão","Bovespa"
"DUQE3<XBSP>","Met Duque","ON","-","Aįão","Bovespa"
"DUQE4<XBSP>","Met Duque","PN","-","Aįão","Bovespa"
"MTIG3<XBSP>","Metal Iguacu","ON","Embalagens","Aįão","Bovespa"
"MTIG4<XBSP>","Metal Iguacu","PN","Embalagens","Aįão","Bovespa"
"LEVE3<XBSP>","Metal Leve","ON","Automóveis e motocicletas","Aįão","Bovespa"
"LEVE4<XBSP>","Metal Leve","PN","Automóveis e motocicletas","Aįão","Bovespa"
"FRIO3<XBSP>","Metalfrio","ON","Máquinas e equipamentos","Aįão","Bovespa"
"MTSA3<XBSP>","Metisa","ON","Máquinas e equipamentos","Aįão","Bovespa"
"MTSA4<XBSP>","Metisa","PN","Máquinas e equipamentos","Aįão","Bovespa"
"MTDO3<XBSP>","Metodo Engenharia","ON","-","Aįão","Bovespa"
"MTDO4<XBSP>","Metodo Engenharia","PN","-","Aįão","Bovespa"
"MTDO5<XBSP>","Metodo Engenharia","PNA","-","Aįão","Bovespa"
"MTDO6<XBSP>","Metodo Engenharia","PNB","-","Aįão","Bovespa"
"MTDO7<XBSP>","Metodo Engenharia","PNC","-","Aįão","Bovespa"
"MTDO8<XBSP>","Metodo Engenharia","PND","-","Aįão","Bovespa"
"LETO3<XBSP>","Micheletto","ON","-","Aįão","Bovespa"
"LETO5<XBSP>","Micheletto","PNA","-","Aįão","Bovespa"
"MILS3<XBSP>","Mills","ON","Máquinas e equipamentos","Aįão","Bovespa"
"MMAQ3<XBSP>","Minasmaquina","ON","Comércio","Aįão","Bovespa"
"MMAQ4<XBSP>","Minasmaquina","PN","Comércio","Aįão","Bovespa"
"BEEF3<XBSP>","Minerva","ON","Alimentos processados","Aįão","Bovespa"
"MNPR3<XBSP>","Minupar","ON","Alimentos processados","Aįão","Bovespa"
"MNPR4<XBSP>","Minupar","PN","Alimentos processados","Aįão","Bovespa"
"MTRE3<XBSP>","Mitre Realty","ON","Construįão civil","Aįão","Bovespa"
"MMXM3<XBSP>","MMX Miner","ON","Mineraįão","Aįão","Bovespa"
"MOAR3<XBSP>","Mont Aranha","ON","Holdings diversificadas","Aįão","Bovespa"
"VEMG4<XBSP>","Montreal","PN","-","Aįão","Bovespa"
"MOSI3<XBSP>","Mosaico","ON","Programas e serviįos","Aįão","Bovespa"
"MOTV3<XBSP>","Motiva SA","ON","Transporte","Aįão","Bovespa"
"MDNE3<XBSP>","Moura Dubeux","ON","Construįão civil","Aįão","Bovespa"
"MOVI3<XBSP>","Movida","ON","Diversos","Aįão","Bovespa"
"MRSA3B<XBSP>","Mrs Logist","ON","Transporte","Aįão","Bovespa"
"MRSA5B<XBSP>","Mrs Logist","PNA","Transporte","Aįão","Bovespa"
"MRSA6B<XBSP>","Mrs Logist","PNB","Transporte","Aįão","Bovespa"
"MRVE3<XBSP>","MRV","ON","Construįão civil","Aįão","Bovespa"
"MRVE99<XBSP>","MRV","UNT","Construįão civil","Aįão","Bovespa"
"MULL4<XBSP>","Muller","PN","-","Aįão","Bovespa"
"MLAS3<XBSP>","Multilaser","ON","Computadores e equipamentos","Aįão","Bovespa"
"MULT3<XBSP>","Multiplan","ON","Exploraįão de imóveis","Aįão","Bovespa"
"MPLU3<XBSP>","Multiplus","ON","Diversos","Aįão","Bovespa"
"MNDL3<XBSP>","Mundial","ON","Tecidos vestuário e calįados","Aįão","Bovespa"
"MNDL4<XBSP>","Mundial","PN","Tecidos vestuário e calįados","Aįão","Bovespa"
"BNAC3<XBSP>","Nacional","ON","-","Aįão","Bovespa"
"BNAC4<XBSP>","Nacional","PN","-","Aįão","Bovespa"
"NAFG3<XBSP>","Nadir Figuei","ON","Utilidades domésticas","Aįão","Bovespa"
"NAFG4<XBSP>","Nadir Figuei","PN","Utilidades domésticas","Aįão","Bovespa"
"NAKT4<XBSP>","Nakata","PN","-","Aįão","Bovespa"
"NATU3<XBSP>","Natura","ON","Produtos de uso pessoal e de limpeza","Aįão","Bovespa"
"NEOE3<XBSP>","Neoenergia","ON","Energia elétrica","Aįão","Bovespa"
"NGRD3<XBSP>","Neogrid","ON","Programas e serviįos","Aįão","Bovespa"
"NETC3<XBSP>","Net","ON","-","Aįão","Bovespa"
"NETC4<XBSP>","Net","PN","-","Aįão","Bovespa"
"NEWT3B<XBSP>","Newtel Part","ON","Outros","Aįão","Bovespa"
"NEXP3<XBSP>","Nexpe","ON","Exploraįão de imóveis","Aįão","Bovespa"
"CARB5<XBSP>","Nitrocarbono","PNA","-","Aįão","Bovespa"
"NORD3<XBSP>","Nordon Met","ON","Máquinas e equipamentos","Aįão","Bovespa"
"NRTQ3<XBSP>","Nortcquimica","ON","Medicamentos e outros produtos","Aįão","Bovespa"
"BNCA3<XBSP>","Nossa Caixa","ON","-","Aįão","Bovespa"
"NUTR3<XBSP>","Nutriplant","ON","Químicos","Aįão","Bovespa"
"OPCT3<XBSP>","Oceanpact","ON","Petróleo gás e biocombustíveis","Aįão","Bovespa"
"ODBE4<XBSP>","Odebrecht","PN","-","Aįão","Bovespa"
"ODER3<XBSP>","Oderich","ON","Alimentos processados","Aįão","Bovespa"
"ODER4<XBSP>","Oderich","PN","Alimentos processados","Aįão","Bovespa"
"OGXP3<XBSP>","OGX Petroleo","ON","Petróleo gás e biocombustíveis","Aįão","Bovespa"
"OIBR3<XBSP>","Oi","ON","Telecomunicaįões","Aįão","Bovespa"
"OIBR4<XBSP>","Oi","PN","Telecomunicaįões","Aįão","Bovespa"
"OLMA4<XBSP>","Olma","PN","-","Aįão","Bovespa"
"OLVB4<XBSP>","Olvebra","PN","-","Aįão","Bovespa"
"ONCO3<XBSP>","Oncoclinicas","ON","Serviįos médico-hospitalares análises e diagnósticos","Aįão","Bovespa"
"OPHE3B<XBSP>","Opport Energ","ON","Outros","Aįão","Bovespa"
"OBTC3<XBSP>","Oranjebtc","ON","-","Aįão","Bovespa"
"ORIO4<XBSP>","Orion","PN","-","Aįão","Bovespa"
"ORVR3<XBSP>","Orizon","ON","Água e saneamento","Aįão","Bovespa"
"OSXB3<XBSP>","OSX Brasil","ON","Petróleo gás e biocombustíveis","Aįão","Bovespa"
"OFSA3<XBSP>","Ourofino S/A","ON","Medicamentos e outros produtos","Aįão","Bovespa"
"OXIT4<XBSP>","Oxiteno","PN","-","Aįão","Bovespa"
"PCAR3<XBSP>","P.Acucar-Cbd","ON","Comércio e distribuiįão","Aįão","Bovespa"
"PCAR4<XBSP>","P.Acucar-Cbd","PN","Comércio e distribuiįão","Aįão","Bovespa"
"PCAR99<XBSP>","P.Acucar-Cbd","UNT","Comércio e distribuiįão","Aįão","Bovespa"
"PACF3<XBSP>","Pacific Rdsl","ON","Serviįos médico-hospitalares análises e diagnósticos","Aįão","Bovespa"
"PDTC3<XBSP>","Padtec","ON","Programas e serviįos","Aįão","Bovespa"
"PGMN3<XBSP>","Pague Menos","ON","Comércio e distribuiįão","Aįão","Bovespa"
"PATI3<XBSP>","Panatlantica","ON","Siderurgia e metalurgia","Aįão","Bovespa"
"PATI4<XBSP>","Panatlantica","PN","Siderurgia e metalurgia","Aįão","Bovespa"
"PNXS4<XBSP>","Panex","PN","-","Aįão","Bovespa"
"PEAB3<XBSP>","Par Al Bahia","ON","Holdings diversificadas","Aįão","Bovespa"
"PEAB4<XBSP>","Par Al Bahia","PN","Holdings diversificadas","Aįão","Bovespa"
"PRBN4<XBSP>","Paraibuna","PN","-","Aįão","Bovespa"
"PMAM3<XBSP>","Paranapanema","ON","Siderurgia e metalurgia","Aįão","Bovespa"
"PMAM4<XBSP>","Paranapanema","PN","Siderurgia e metalurgia","Aįão","Bovespa"
"PALF3<XBSP>","Paul F Luz","ON","-","Aįão","Bovespa"
"PALF5<XBSP>","Paul F Luz","PNA","-","Aįão","Bovespa"
"PALF6<XBSP>","Paul F Luz","PNB","-","Aįão","Bovespa"
"PALF7<XBSP>","Paul F Luz","PNC","-","Aįão","Bovespa"
"PDGR3<XBSP>","PDG Realt","ON","Construįão civil","Aįão","Bovespa"
"PXEC4<XBSP>","Peixe","PN","-","Aįão","Bovespa"
"PRSC4<XBSP>","Persico","PN","-","Aįão","Bovespa"
"RPMG3<XBSP>","Pet Manguinh","ON","Petróleo gás e biocombustíveis","Aįão","Bovespa"
"RPMG4<XBSP>","Pet Manguinh","PN","Petróleo gás e biocombustíveis","Aįão","Bovespa"
"PETR3<XBSP>","Petrobras","ON","Petróleo gás e biocombustíveis","Aįão","Bovespa"
"PETR4<XBSP>","Petrobras","PN","Petróleo gás e biocombustíveis","Aįão","Bovespa"
"BRDT4-old<XBSP>","Petrobras Distrib","PN","-","Aįão","Bovespa"
"PEFX3<XBSP>","Petroflex","ON","-","Aįão","Bovespa"
"PEFX5<XBSP>","Petroflex","PNA","-","Aįão","Bovespa"
"PQUN3<XBSP>","Petroq Uniao","ON","-","Aįão","Bovespa"
"PQUN4<XBSP>","Petroq Uniao","PN","-","Aįão","Bovespa"
"PTQS3<XBSP>","Petroquisa","ON","-","Aįão","Bovespa"
"PTQS4<XBSP>","Petroquisa","PN","-","Aįão","Bovespa"
"RECV3<XBSP>","Petrorecsa","ON","Petróleo gás e biocombustíveis","Aįão","Bovespa"
"PRIO3<XBSP>","Petrorio","ON","Petróleo gás e biocombustíveis","Aįão","Bovespa"
"PTNT3<XBSP>","Pettenati","ON","Tecidos vestuário e calįados","Aįão","Bovespa"
"PTNT4<XBSP>","Pettenati","PN","Tecidos vestuário e calįados","Aįão","Bovespa"
"AUAU3<XBSP>","Petzcobasi","ON","Comércio","Aįão","Bovespa"
"PVPR4<XBSP>","Peve Predios","PN","-","Aįão","Bovespa"
"PVFS4<XBSP>","Peve-Finasa","PN","-","Aįão","Bovespa"
"PIRE3<XBSP>","Pirelli","ON","-","Aįão","Bovespa"
"PIRE4<XBSP>","Pirelli","PN","-","Aįão","Bovespa"
"PIPN3<XBSP>","Pirelli Pneus","ON","-","Aįão","Bovespa"
"PIPN4<XBSP>","Pirelli Pneus","PN","-","Aįão","Bovespa"
"PLPL3<XBSP>","Planoeplano","ON","Construįão civil","Aįão","Bovespa"
"PLAS3<XBSP>","Plascar Part","ON","Automóveis e motocicletas","Aįão","Bovespa"
"PLAS4<XBSP>","Plascar Part","PN","Automóveis e motocicletas","Aįão","Bovespa"
"POLA3<XBSP>","Polar","ON","-","Aįão","Bovespa"
"POLA4<XBSP>","Polar","PN","-","Aįão","Bovespa"
"PLDN3<XBSP>","Polialden","ON","-","Aįão","Bovespa"
"PLDN4<XBSP>","Polialden","PN","-","Aįão","Bovespa"
"POPR3<XBSP>","Polipropileno","ON","-","Aįão","Bovespa"
"POPR4<XBSP>","Polipropileno","PN","-","Aįão","Bovespa"
"PORP3<XBSP>","Polipropileno Parti","ON","-","Aįão","Bovespa"
"PORP4<XBSP>","Polipropileno Parti","PN","-","Aįão","Bovespa"
"PLTO3<XBSP>","Politeno","ON","-","Aįão","Bovespa"
"PLTO5<XBSP>","Politeno","PNA","-","Aįão","Bovespa"
"PLTO6<XBSP>","Politeno","PNB","-","Aįão","Bovespa"
"PPAR3<XBSP>","Polpar","ON","Outros","Aįão","Bovespa"
"FRTA3<XBSP>","Pomifrutas","ON","Agropecuária","Aįão","Bovespa"
"PSSA3<XBSP>","Porto Seguro","ON","Previdęncia e seguros","Aįão","Bovespa"
"PTBL3<XBSP>","Portobello","ON","Construįão e engenharia","Aįão","Bovespa"
"PTBL4<XBSP>","Portobello","PN","Construįão e engenharia","Aįão","Bovespa"
"PRTX3<XBSP>","Portx","ON","-","Aįão","Bovespa"
"POSI3<XBSP>","Positivo Tec","ON","Computadores e equipamentos","Aįão","Bovespa"
"PPLA36<XBSP>","Ppla","A.","Serviįos financeiros diversos","Aįão","Bovespa"
"PPLA35<XBSP>","Ppla","B.","Serviįos financeiros diversos","Aįão","Bovespa"
"PPLA11<XBSP>","Ppla","UNT","Serviįos financeiros diversos","Aįão","Bovespa"
"PQTM3<XBSP>","Pq Hopi Hari","ON","Viagens e lazer","Aįão","Bovespa"
"PQTM4<XBSP>","Pq Hopi Hari","PN","Viagens e lazer","Aįão","Bovespa"
"PRCA3<XBSP>","Pratica","ON","Máquinas e equipamentos","Aįão","Bovespa"
"PTCA3<XBSP>","Pratica","ON","Máquinas e equipamentos","Aįão","Bovespa"
"PTCA11<XBSP>","Pratica","PN Resg","Máquinas e equipamentos","Aįão","Bovespa"
"PRNR3<XBSP>","Priner","ON","Serviįos diversos","Aįão","Bovespa"
"PMET3<XBSP>","Pro Metalurg","ON","-","Aįão","Bovespa"
"PMET5<XBSP>","Pro Metalurg","PNA","-","Aįão","Bovespa"
"PMET6<XBSP>","Pro Metalurg","PNB","-","Aįão","Bovespa"
"PFRM3<XBSP>","Profarma","ON","Comércio e distribuiįão","Aįão","Bovespa"
"BPRG4<XBSP>","Progresso","PN","-","Aįão","Bovespa"
"PRMN3B<XBSP>","Proman","ON","-","Aįão","Bovespa"
"PMT4<XBSP>","Prometal","PN","-","Aįão","Bovespa"
"PRPT3<XBSP>","Prompt Part","ON","Outros","Aįão","Bovespa"
"PNOR3<XBSP>","Pronor","ON","-","Aįão","Bovespa"
"PNOR5<XBSP>","Pronor","PNA","-","Aįão","Bovespa"
"PNOR6<XBSP>","Pronor","PNB","-","Aįão","Bovespa"
"PRVI3<XBSP>","Providencia","ON","-","Aįão","Bovespa"
"PRML3<XBSP>","Prumo","ON","Transporte","Aįão","Bovespa"
"QUAL3<XBSP>","Qualicorp","ON","Serviįos médico-hospitalares análises e diagnósticos","Aįão","Bovespa"
"QUSW3<XBSP>","Quality Soft","ON","Programas e serviįos","Aįão","Bovespa"
"SZPQ3<XBSP>","Quattor Petr","ON","-","Aįão","Bovespa"
"SZPQ4<XBSP>","Quattor Petr","PN","-","Aįão","Bovespa"
"LJQQ3<XBSP>","Quero-Quero","ON","Comércio","Aįão","Bovespa"
"QGNE4<XBSP>","Quimica Geral","PN","-","Aįão","Bovespa"
"RAIA3<XBSP>","Raia","ON","-","Aįão","Bovespa"
"RADL3<XBSP>","RaiaDrogasil","ON","Comércio e distribuiįão","Aįão","Bovespa"
"DROG5<XBSP>","RaiaDrogasil","PNA","Comércio e distribuiįão","Aįão","Bovespa"
"DROG6<XBSP>","RaiaDrogasil","PNB","Comércio e distribuiįão","Aįão","Bovespa"
"DROG7<XBSP>","RaiaDrogasil","PNC","Comércio e distribuiįão","Aįão","Bovespa"
"DROG8<XBSP>","RaiaDrogasil","PND","Comércio e distribuiįão","Aįão","Bovespa"
"DROG11<XBSP>","RaiaDrogasil","PNE","Comércio e distribuiįão","Aįão","Bovespa"
"DROG12<XBSP>","RaiaDrogasil","PNF","Comércio e distribuiįão","Aįão","Bovespa"
"DROG13<XBSP>","RaiaDrogasil","PNG","Comércio e distribuiįão","Aįão","Bovespa"
"DROG14<XBSP>","RaiaDrogasil","PNH","Comércio e distribuiįão","Aįão","Bovespa"
"RASL3<XBSP>","Rail Sul","ON","-","Aįão","Bovespa"
"RASL4<XBSP>","Rail Sul","PN","-","Aįão","Bovespa"
"RAIZ4<XBSP>","Raizen","PN","Agropecuária","Aįão","Bovespa"
"RAPT3<XBSP>","Randon Part","ON","Material de transporte","Aįão","Bovespa"
"RAPT4<XBSP>","Randon Part","PN","Material de transporte","Aįão","Bovespa"
"RSIP3<XBSP>","Rasip Agro","ON","-","Aįão","Bovespa"
"RSIP4<XBSP>","Rasip Agro","PN","-","Aįão","Bovespa"
"CCTY3<XBSP>","Rdvc City","ON","-","Aįão","Bovespa"
"REAL3<XBSP>","Real","ON","-","Aįão","Bovespa"
"REAL4<XBSP>","Real","PN","-","Aįão","Bovespa"
"RCPR3<XBSP>","Real Cons Part","ON","-","Aįão","Bovespa"
"RCPR11<XBSP>","Real Cons Part","PNE","-","Aįão","Bovespa"
"RCPR12<XBSP>","Real Cons Part","PNF","-","Aįão","Bovespa"
"RHPR3<XBSP>","Real Holdings","ON","-","Aįão","Bovespa"
"RHPR4<XBSP>","Real Holdings","PN","-","Aįão","Bovespa"
"RPPR3<XBSP>","Realpar Part","ON","-","Aįão","Bovespa"
"RPPR6<XBSP>","Realpar Part","PNB","-","Aįão","Bovespa"
"RCSL3<XBSP>","Recrusul","ON","Material de transporte","Aįão","Bovespa"
"RCSL4<XBSP>","Recrusul","PN","Material de transporte","Aįão","Bovespa"
"RDOR3<XBSP>","Rede D Or","ON","Serviįos médico-hospitalares análises e diagnósticos","Aįão","Bovespa"
"REDE3<XBSP>","Rede Energia","ON","Energia elétrica","Aįão","Bovespa"
"REDE4<XBSP>","Rede Energia","PN","Energia elétrica","Aįão","Bovespa"
"RDCD3<XBSP>","Redecard","ON","-","Aįão","Bovespa"
"RDTR3<XBSP>","Redentor","ON","-","Aįão","Bovespa"
"RHER4<XBSP>","Ren Hermann","PN","-","Aįão","Bovespa"
"RNPT3<XBSP>","Renner Part","ON","-","Aįão","Bovespa"
"RNPT4<XBSP>","Renner Part","PN","-","Aįão","Bovespa"
"RNEW3<XBSP>","Renova","ON","Energia elétrica","Aįão","Bovespa"
"RNEW4<XBSP>","Renova","PN","Energia elétrica","Aįão","Bovespa"
"RNEW11<XBSP>","Renova","UNT N2","Energia elétrica","Aįão","Bovespa"
"OPRE3B<XBSP>","Ret Part","ON","Outros","Aįão","Bovespa"
"RVEE3<XBSP>","Revee","ON","-","Aįão","Bovespa"
"LATS3<XBSP>","Rexam Bcsa","ON","-","Aįão","Bovespa"
"RIAA3<XBSP>","Riachuelo","ON","Comércio","Aįão","Bovespa"
"GUAR4<XBSP>","Riachuelo","PN","Comércio","Aįão","Bovespa"
"REEM3<XBSP>","Rimet","ON","-","Aįão","Bovespa"
"REEM4<XBSP>","Rimet","PN","-","Aįão","Bovespa"
"RIOS3<XBSP>","Rio Alto","ON","Energia elétrica","Aįão","Bovespa"
"RGEG3<XBSP>","Rio Gde Ener","ON","-","Aįão","Bovespa"
"RSUL3<XBSP>","Riosulense","ON","Material de transporte","Aįão","Bovespa"
"RSUL4<XBSP>","Riosulense","PN","Material de transporte","Aįão","Bovespa"
"RPSA3<XBSP>","Ripasa","ON","-","Aįão","Bovespa"
"RPSA4<XBSP>","Ripasa","PN","-","Aįão","Bovespa"
"RJCP3<XBSP>","Rjcp","ON","Holdings diversificadas","Aįão","Bovespa"
"RDNI3<XBSP>","Rni","ON","Construįão civil","Aįão","Bovespa"
"RBNS11<XBSP>","Rodobens","UNT","Comércio","Aįão","Bovespa"
"ROMI3<XBSP>","Romi","ON","Máquinas e equipamentos","Aįão","Bovespa"
"ROMI4<XBSP>","Romi","PN","Máquinas e equipamentos","Aįão","Bovespa"
"RSID3<XBSP>","Rossi Resid","ON","Construįão civil","Aįão","Bovespa"
"RUMO3<XBSP>","Rumo Log","ON","Transporte","Aįão","Bovespa"
"RAIL3<XBSP>","Rumo S.A.","ON","Transporte","Aįão","Bovespa"
"ALLL3<XBSP>","Rumo S.A.","ON-old","Transporte","Aįão","Bovespa"
"ALLL4<XBSP>","Rumo S.A.","PN","Transporte","Aįão","Bovespa"
"ALLL11<XBSP>","Rumo S.A.","UNT N2","Transporte","Aįão","Bovespa"
"BARB3<XBSP>","S Gobain Canal","ON","-","Aįão","Bovespa"
"BARB4<XBSP>","S Gobain Canal","PN","-","Aįão","Bovespa"
"VSMA3<XBSP>","S Gobain Vidro","ON","-","Aįão","Bovespa"
"SBSP3<XBSP>","Sabesp","ON","Água e saneamento","Aįão","Bovespa"
"SDIA3<XBSP>","Sadia S/A","ON","-","Aįão","Bovespa"
"SDIA4<XBSP>","Sadia S/A","PN","-","Aįão","Bovespa"
"SAEN3<XBSP>","Safira Energ","ON","Energia elétrica","Aįão","Bovespa"
"FCAP3<XBSP>","Sam Industr","ON","-","Aįão","Bovespa"
"FCAP4<XBSP>","Sam Industr","PN","-","Aįão","Bovespa"
"SAMI4<XBSP>","Samitri","PN","-","Aįão","Bovespa"
"SAPR3<XBSP>","Sanepar","ON","Água e saneamento","Aįão","Bovespa"
"SAPR4<XBSP>","Sanepar","PN","Água e saneamento","Aįão","Bovespa"
"SAPR11<XBSP>","Sanepar","UNT N2","Água e saneamento","Aįão","Bovespa"
"SNSY3<XBSP>","Sansuy","ON","Materiais diversos","Aįão","Bovespa"
"SNSY5<XBSP>","Sansuy","PNA","Materiais diversos","Aįão","Bovespa"
"SNSY6<XBSP>","Sansuy","PNB","Materiais diversos","Aįão","Bovespa"
"BNET4<XBSP>","Santander Noroeste","PN","-","Aįão","Bovespa"
"CTSA3<XBSP>","Santanense","ON","Tecidos vestuário e calįados","Aįão","Bovespa"
"CTSA4<XBSP>","Santanense","PN","Tecidos vestuário e calįados","Aįão","Bovespa"
"CTSA8<XBSP>","Santanense","PND","Tecidos vestuário e calįados","Aįão","Bovespa"
"MFLU3<XBSP>","Santista Alimentos","ON","-","Aįão","Bovespa"
"ASTA3<XBSP>","Santistextil","ON","-","Aįão","Bovespa"
"ASTA4<XBSP>","Santistextil","PN","-","Aįão","Bovespa"
"STBR3<XBSP>","Santos Bras","ON","-","Aįão","Bovespa"
"STBR4<XBSP>","Santos Bras","PN","-","Aįão","Bovespa"
"STBR11<XBSP>","Santos Bras","UNT N2","-","Aįão","Bovespa"
"STBP3<XBSP>","Santos Brp","ON","Transporte","Aįão","Bovespa"
"STBP4<XBSP>","Santos Brp","PN","Transporte","Aįão","Bovespa"
"STBP11<XBSP>","Santos Brp","UNT N2","Transporte","Aįão","Bovespa"
"SCAR3<XBSP>","Sao Carlos","ON","Exploraįão de imóveis","Aįão","Bovespa"
"SCAR4<XBSP>","Sao Carlos","PN","Exploraįão de imóveis","Aįão","Bovespa"
"SMTO3<XBSP>","Sao Martinho","ON","Alimentos processados","Aįão","Bovespa"
"SLED3<XBSP>","Saraiva Livr","ON","Comércio","Aįão","Bovespa"
"SLED4<XBSP>","Saraiva Livr","PN","Comércio","Aįão","Bovespa"
"PSEG3<XBSP>","Sauipe","ON","Hotéis e restaurantes","Aįão","Bovespa"
"PSEG4<XBSP>","Sauipe","PN","Hotéis e restaurantes","Aįão","Bovespa"
"VAGV3<XBSP>","Savarg","ON","-","Aįão","Bovespa"
"VAGV4<XBSP>","Savarg","PN","-","Aįão","Bovespa"
"SCLO3<XBSP>","Schlosser","ON","Tecidos vestuário e calįados","Aįão","Bovespa"
"SCLO4<XBSP>","Schlosser","PN","Tecidos vestuário e calįados","Aįão","Bovespa"
"SHUL3<XBSP>","Schulz","ON","Máquinas e equipamentos","Aįão","Bovespa"
"SHUL4<XBSP>","Schulz","PN","Máquinas e equipamentos","Aįão","Bovespa"
"SALM3<XBSP>","Seara Alim","ON","-","Aįão","Bovespa"
"SALM4<XBSP>","Seara Alim","PN","-","Aįão","Bovespa"
"SEBB3<XBSP>","Seb","ON","-","Aįão","Bovespa"
"SEBB4<XBSP>","Seb","PN","-","Aįão","Bovespa"
"SEBB11<XBSP>","Seb","UNT N2","-","Aįão","Bovespa"
"CSAB3<XBSP>","Seg Al Bahia","ON","Previdęncia e seguros","Aįão","Bovespa"
"CSAB4<XBSP>","Seg Al Bahia","PN","Previdęncia e seguros","Aįão","Bovespa"
"CSMB3<XBSP>","Seg Min Bras","ON","-","Aįão","Bovespa"
"CSMB4<XBSP>","Seg Min Bras","PN","-","Aįão","Bovespa"
"SLCT3B<XBSP>","Selectpart","ON","Outros","Aįão","Bovespa"
"SEMP3<XBSP>","Semp","ON","-","Aįão","Bovespa"
"SEQL3<XBSP>","Sequoia Log","ON","Serviįos diversos","Aįão","Bovespa"
"SEER3<XBSP>","Ser Educa","ON","Diversos","Aįão","Bovespa"
"SRNA3<XBSP>","Serena","ON","Energia elétrica","Aįão","Bovespa"
"SGEN3<XBSP>","Sergen","ON","-","Aįão","Bovespa"
"SGEN4<XBSP>","Sergen","PN","-","Aįão","Bovespa"
"SHAP4<XBSP>","Sharp","PN","-","Aįão","Bovespa"
"SHTM3<XBSP>","Shoptime","ON","-","Aįão","Bovespa"
"SHTM4<XBSP>","Shoptime","PN","-","Aįão","Bovespa"
"SIBR7<XBSP>","Sibra","PNC","-","Aįão","Bovespa"
"ANO5<XBSP>","Sid Aconorte","PNA","-","Aįão","Bovespa"
"CSNA3<XBSP>","Sid Nacional","ON","Siderurgia e metalurgia","Aįão","Bovespa"
"RIO4<XBSP>","Sid Riogran","PN","-","Aįão","Bovespa"
"CSTB3<XBSP>","Sid Tubarao","ON","-","Aįão","Bovespa"
"CSTB4<XBSP>","Sid Tubarao","PN","-","Aįão","Bovespa"
"SIFC4<XBSP>","Sifco","PN","-","Aįão","Bovespa"
"SIMH3<XBSP>","Simpar","ON","Holdings diversificadas","Aįão","Bovespa"
"SQIA3<XBSP>","Sinqia","ON","Programas e serviįos","Aįão","Bovespa"
"SLCE3<XBSP>","SLC Agricola","ON","Agropecuária","Aįão","Bovespa"
"SMFT3<XBSP>","Smart Fit","ON","Viagens e lazer","Aįão","Bovespa"
"SMFT13<XBSP>","Smart Fit","PNAB","Viagens e lazer","Aįão","Bovespa"
"SMFT14<XBSP>","Smart Fit","PNAE","Viagens e lazer","Aįão","Bovespa"
"SMFT15<XBSP>","Smart Fit","PNAG","Viagens e lazer","Aįão","Bovespa"
"SMFT6<XBSP>","Smart Fit","PNB","Viagens e lazer","Aįão","Bovespa"
"SMFT11<XBSP>","Smart Fit","PNE","Viagens e lazer","Aįão","Bovespa"
"SMFT12<XBSP>","Smart Fit","PNG","Viagens e lazer","Aįão","Bovespa"
"SMLS3<XBSP>","Smiles","ON","Diversos","Aįão","Bovespa"
"SLAL4<XBSP>","Sola","PN","-","Aįão","Bovespa"
"SLBR3<XBSP>","Sole Comex","ON","-","Aįão","Bovespa"
"SLBR4<XBSP>","Sole Comex","PN","-","Aįão","Bovespa"
"SEDU3<XBSP>","Somos Educa","ON","Diversos","Aįão","Bovespa"
"ABRE11<XBSP>","Somos Educa","UNT N2","Diversos","Aįão","Bovespa"
"SOND3<XBSP>","Sondotecnica","ON","Construįão e engenharia","Aįão","Bovespa"
"SOND5<XBSP>","Sondotecnica","PNA","Construįão e engenharia","Aįão","Bovespa"
"SOND6<XBSP>","Sondotecnica","PNB","Construįão e engenharia","Aįão","Bovespa"
"PVLT3<XBSP>","Souto Vidig","ON","-","Aįão","Bovespa"
"CRUZ3<XBSP>","Souza Cruz","ON","-","Aįão","Bovespa"
"SPEL3<XBSP>","Spel Empreendim","ON","-","Aįão","Bovespa"
"SPEL5<XBSP>","Spel Empreendim","PNA","-","Aįão","Bovespa"
"SPRI3<XBSP>","Springer","ON","Holdings diversificadas","Aįão","Bovespa"
"SPRI5<XBSP>","Springer","PNA","Holdings diversificadas","Aįão","Bovespa"
"SPRI6<XBSP>","Springer","PNB","Holdings diversificadas","Aįão","Bovespa"
"SGPS3<XBSP>","Springs","ON","Tecidos vestuário e calįados","Aįão","Bovespa"
"BFCV4<XBSP>","Spscs Industrial","PN","-","Aįão","Bovespa"
"AHEB3<XBSP>","SPturis","ON","Viagens e lazer","Aįão","Bovespa"
"AHEB5<XBSP>","SPturis","PNA","Viagens e lazer","Aįão","Bovespa"
"AHEB6<XBSP>","SPturis","PNB","Viagens e lazer","Aįão","Bovespa"
"STTR3<XBSP>","Stara","ON","Máquinas e equipamentos","Aįão","Bovespa"
"STKF3<XBSP>","Statkraft","ON","Energia elétrica","Aįão","Bovespa"
"SUBA3<XBSP>","Submarino","ON","-","Aįão","Bovespa"
"BFIT3<XBSP>","Sudameris","ON","-","Aįão","Bovespa"
"BFIT4<XBSP>","Sudameris","PN","-","Aįão","Bovespa"
"OPSE3<XBSP>","Sudeste S/A","ON","Outros","Aįão","Bovespa"
"OPTS3<XBSP>","Sul 116 Part","ON","Outros","Aįão","Bovespa"
"SASG3<XBSP>","Sul Amer Nac","ON","-","Aįão","Bovespa"
"SULA3<XBSP>","Sul America","ON","Previdęncia e seguros","Aįão","Bovespa"
"SULA4<XBSP>","Sul America","PN","Previdęncia e seguros","Aįão","Bovespa"
"SULA11<XBSP>","Sul America","UNT N2","Previdęncia e seguros","Aįão","Bovespa"
"SLCP3<XBSP>","Sulacap","ON","-","Aįão","Bovespa"
"SULT3<XBSP>","Sultepa","ON","Construįão e engenharia","Aįão","Bovespa"
"SULT4<XBSP>","Sultepa","PN","Construįão e engenharia","Aįão","Bovespa"
"NEMO3<XBSP>","Suzano Hold","ON","Madeira e papel","Aįão","Bovespa"
"NEMO5<XBSP>","Suzano Hold","PNA","Madeira e papel","Aįão","Bovespa"
"NEMO6<XBSP>","Suzano Hold","PNB","Madeira e papel","Aįão","Bovespa"
"SUZB3<XBSP>","Suzano S.A.","ON","Madeira e papel","Aįão","Bovespa"
"SUZB5<XBSP>","Suzano S.A.","PNA","Madeira e papel","Aįão","Bovespa"
"SUZB6<XBSP>","Suzano S.A.","PNB","Madeira e papel","Aįão","Bovespa"
"SAD4<XBSP>","Sv Engenhar","PN","-","Aįão","Bovespa"
"SYNE3<XBSP>","Syn Prop Tec","ON","Exploraįão de imóveis","Aįão","Bovespa"
"TAEE3<XBSP>","Taesa","ON","Energia elétrica","Aįão","Bovespa"
"TAEE4<XBSP>","Taesa","PN","Energia elétrica","Aįão","Bovespa"
"TAEE11<XBSP>","Taesa","UNT N2","Energia elétrica","Aįão","Bovespa"
"TAMM3<XBSP>","Tam S/A","ON","-","Aįão","Bovespa"
"TAMM4<XBSP>","Tam S/A","PN","-","Aįão","Bovespa"
"TAMR4<XBSP>","Tam Transp","PN","-","Aįão","Bovespa"
"TRPN3<XBSP>","Tarpon Inv","ON","Serviįos financeiros diversos","Aįão","Bovespa"
"TASA3<XBSP>","Taurus Armas","ON","Máquinas e equipamentos","Aįão","Bovespa"
"TASA4<XBSP>","Taurus Armas","PN","Máquinas e equipamentos","Aįão","Bovespa"
"TRAD3<XBSP>","TC","ON","Programas e serviįos","Aįão","Bovespa"
"TENE3<XBSP>","Tec Blumenau","ON","Tecidos vestuário e calįados","Aįão","Bovespa"
"TENE5<XBSP>","Tec Blumenau","PNA","Tecidos vestuário e calįados","Aįão","Bovespa"
"TENE6<XBSP>","Tec Blumenau","PNB","Tecidos vestuário e calįados","Aįão","Bovespa"
"TENE7<XBSP>","Tec Blumenau","PNC","Tecidos vestuário e calįados","Aįão","Bovespa"
"SJOS3<XBSP>","Tecel S Jose","ON","Tecidos vestuário e calįados","Aįão","Bovespa"
"SJOS4<XBSP>","Tecel S Jose","PN","Tecidos vestuário e calįados","Aįão","Bovespa"
"TECN3<XBSP>","Technos","ON","Tecidos vestuário e calįados","Aįão","Bovespa"
"TCHN3<XBSP>","Technos Rel","ON","-","Aįão","Bovespa"
"TCHN4<XBSP>","Technos Rel","PN","-","Aįão","Bovespa"
"TCSA3<XBSP>","Tecnisa","ON","Construįão civil","Aįão","Bovespa"
"TCNO3<XBSP>","Tecnosolo","ON","Construįão e engenharia","Aįão","Bovespa"
"TCNO4<XBSP>","Tecnosolo","PN","Construįão e engenharia","Aįão","Bovespa"
"TOYB3<XBSP>","Tectoy","ON","Viagens e lazer","Aįão","Bovespa"
"TOYB4<XBSP>","Tectoy","PN","Viagens e lazer","Aįão","Bovespa"
"TGMA3<XBSP>","Tegma","ON","Transporte","Aįão","Bovespa"
"TEGA3<XBSP>","Tegra Incorp","ON","Construįão civil","Aįão","Bovespa"
"TEKA3<XBSP>","Teka","ON","Tecidos vestuário e calįados","Aįão","Bovespa"
"TEKA4<XBSP>","Teka","PN","Tecidos vestuário e calįados","Aįão","Bovespa"
"TKNO3<XBSP>","Tekno","ON","Siderurgia e metalurgia","Aįão","Bovespa"
"TKNO4<XBSP>","Tekno","PN","Siderurgia e metalurgia","Aįão","Bovespa"
"TBCP4<XBSP>","Tel B Campo","PN","-","Aįão","Bovespa"
"TCOC3<XBSP>","Tele Centroeste Cel","ON","-","Aįão","Bovespa"
"TCOC4<XBSP>","Tele Centroeste Cel","PN","-","Aįão","Bovespa"
"TLCP3<XBSP>","Tele Leste Celular","ON","-","Aįão","Bovespa"
"TLCP4<XBSP>","Tele Leste Celular","PN","-","Aįão","Bovespa"
"TNEP3<XBSP>","Tele Nordeste Celul","ON","-","Aįão","Bovespa"
"TNEP4<XBSP>","Tele Nordeste Celul","PN","-","Aįão","Bovespa"
"TNCP3<XBSP>","Tele Nort Cl","ON","-","Aįão","Bovespa"
"TNCP4<XBSP>","Tele Nort Cl","PN","-","Aįão","Bovespa"
"TSEP3<XBSP>","Tele Sudeste Celula","ON","-","Aįão","Bovespa"
"TSEP4<XBSP>","Tele Sudeste Celula","PN","-","Aįão","Bovespa"
"TEBA3<XBSP>","Telebahia","ON","-","Aįão","Bovespa"
"TEBA5<XBSP>","Telebahia","PNA","-","Aįão","Bovespa"
"TEBA6<XBSP>","Telebahia","PNB","-","Aįão","Bovespa"
"TBAC3<XBSP>","Telebahia Celular","ON","-","Aįão","Bovespa"
"TBAC6<XBSP>","Telebahia Celular","PNB","-","Aįão","Bovespa"
"TELB3<XBSP>","Telebras","ON","Telecomunicaįões","Aįão","Bovespa"
"TELB4<XBSP>","Telebras","PN","Telecomunicaįões","Aįão","Bovespa"
"TELB3-old<XBSP>","Telebras (Old)","ON","-","Aįão","Bovespa"
"TELB4-old<XBSP>","Telebras (Old)","PN","-","Aįão","Bovespa"
"TBRS3<XBSP>","Telebrasilia","ON","-","Aįão","Bovespa"
"TBRS4<XBSP>","Telebrasilia","PN","-","Aįão","Bovespa"
"VIVT3<XBSP>","Telef Brasil","ON","Telecomunicaįões","Aįão","Bovespa"
"VIVT4<XBSP>","Telef Brasil","PN","Telecomunicaįões","Aįão","Bovespa"
"TDBH3<XBSP>","Telefonica Data Hld","ON","-","Aįão","Bovespa"
"TDBH4<XBSP>","Telefonica Data Hld","PN","-","Aįão","Bovespa"
"TNLP3<XBSP>","Telemar","ON","-","Aįão","Bovespa"
"TNLP4<XBSP>","Telemar","PN","-","Aįão","Bovespa"
"TMAR3<XBSP>","Telemar N L","ON","-","Aįão","Bovespa"
"TMAR5<XBSP>","Telemar N L","PNA","-","Aįão","Bovespa"
"TMAR6<XBSP>","Telemar N L","PNB","-","Aįão","Bovespa"
"TMGR3<XBSP>","Telemig","ON","-","Aįão","Bovespa"
"TMGR6<XBSP>","Telemig","PNB","-","Aįão","Bovespa"
"TMGC3<XBSP>","Telemig Cl","ON","-","Aįão","Bovespa"
"TMGC6<XBSP>","Telemig Cl","PNB","-","Aįão","Bovespa"
"TMGC7<XBSP>","Telemig Cl","PNC","-","Aįão","Bovespa"
"TMGC8<XBSP>","Telemig Cl","PND","-","Aįão","Bovespa"
"TMGC11<XBSP>","Telemig Cl","PNE","-","Aįão","Bovespa"
"TMGC12<XBSP>","Telemig Cl","PNF","-","Aįão","Bovespa"
"TMGC13<XBSP>","Telemig Cl","PNG","-","Aįão","Bovespa"
"TMCP3<XBSP>","Telemig Part","ON","-","Aįão","Bovespa"
"TMCP4<XBSP>","Telemig Part","PN","-","Aįão","Bovespa"
"TRJC3<XBSP>","Telerj Cel","ON","-","Aįão","Bovespa"
"TRJC6<XBSP>","Telerj Cel","PNB","-","Aįão","Bovespa"
"TSPC3<XBSP>","Telesp Cel","ON","-","Aįão","Bovespa"
"TSPC6<XBSP>","Telesp Cel","PNB","-","Aįão","Bovespa"
"TLPP3F<XBSP>","Telesp Part","ON","-","Aįão","Bovespa"
"TLPP4F<XBSP>","Telesp Part","PN","-","Aįão","Bovespa"
"TETE3<XBSP>","Telet","ON","-","Aįão","Bovespa"
"TETE6<XBSP>","Telet","PNB","-","Aįão","Bovespa"
"TLVT3B<XBSP>","Telinvest","ON","Outros","Aįão","Bovespa"
"TEMP3<XBSP>","Tempo Part","ON","-","Aįão","Bovespa"
"TEND3<XBSP>","Tenda","ON","Construįão civil","Aįão","Bovespa"
"TEND3-old<XBSP>","Tenda","ON-old","Construįão civil","Aįão","Bovespa"
"TERI3<XBSP>","Tereos","ON","-","Aįão","Bovespa"
"LAND3<XBSP>","Terrasantapa","ON","Agropecuária","Aįão","Bovespa"
"TXRX3<XBSP>","Tex Renaux","ON","Tecidos vestuário e calįados","Aįão","Bovespa"
"TXRX4<XBSP>","Tex Renaux","PN","Tecidos vestuário e calįados","Aįão","Bovespa"
"TARP11<XBSP>","Tig Ltd","A","-","Aįão","Bovespa"
"TIMS3<XBSP>","Tim","ON","Telecomunicaįões","Aįão","Bovespa"
"TCSL4<XBSP>","Tim","PN","Telecomunicaįões","Aįão","Bovespa"
"TPEC3B<XBSP>","Tim Nordeste","ON","-","Aįão","Bovespa"
"TPEC6B<XBSP>","Tim Nordeste","PNB","-","Aįão","Bovespa"
"TPEC7B<XBSP>","Tim Nordeste","PNC","-","Aįão","Bovespa"
"TPEC8B<XBSP>","Tim Nordeste","PND","-","Aįão","Bovespa"
"TPRC3<XBSP>","Tim Sul","ON","-","Aįão","Bovespa"
"TPRC6<XBSP>","Tim Sul","PNB","-","Aįão","Bovespa"
"SHOW3<XBSP>","Time For Fun","ON","Viagens e lazer","Aįão","Bovespa"
"TVIT3<XBSP>","Tivit","ON","-","Aįão","Bovespa"
"TOTS3<XBSP>","Totvs","ON","Programas e serviįos","Aįão","Bovespa"
"TFCO4<XBSP>","Track Field","PN","Tecidos vestuário e calįados","Aįão","Bovespa"
"TRFO3<XBSP>","Trafo","ON","-","Aįão","Bovespa"
"TRFO4<XBSP>","Trafo","PN","-","Aįão","Bovespa"
"TRBR4<XBSP>","Transbrasil","PN","-","Aįão","Bovespa"
"TRPA4<XBSP>","Transparana","PN","-","Aįão","Bovespa"
"LUXM3<XBSP>","Trevisa","ON","Transporte","Aįão","Bovespa"
"LUXM4<XBSP>","Trevisa","PN","Transporte","Aįão","Bovespa"
"CPCA4<XBSP>","Trikem","PN","-","Aįão","Bovespa"
"TRIS3<XBSP>","Trisul","ON","Construįão civil","Aįão","Bovespa"
"TPIS3<XBSP>","Triunfo Part","ON","Transporte","Aįão","Bovespa"
"TRMB4<XBSP>","Trombini","PN","-","Aįão","Bovespa"
"TROR3<XBSP>","Trorion","ON","-","Aįão","Bovespa"
"TROR4<XBSP>","Trorion","PN","-","Aįão","Bovespa"
"TUPY3<XBSP>","Tupy","ON","Material de transporte","Aįão","Bovespa"
"TUPY4<XBSP>","Tupy","PN","Material de transporte","Aįão","Bovespa"
"UGPA3<XBSP>","Ultrapar","ON","Petróleo gás e biocombustíveis","Aįão","Bovespa"
"UGPA4<XBSP>","Ultrapar","PN","Petróleo gás e biocombustíveis","Aįão","Bovespa"
"UBBR3<XBSP>","Unibanco","ON","-","Aįão","Bovespa"
"UBBR4<XBSP>","Unibanco","PN","-","Aįão","Bovespa"
"UBBR11<XBSP>","Unibanco","UnN1","-","Aįão","Bovespa"
"UBHD3<XBSP>","Unibanco Hld","ON","-","Aįão","Bovespa"
"UBHD6<XBSP>","Unibanco Hld","PNB","-","Aįão","Bovespa"
"UCAS3<XBSP>","Unicasa","ON","Utilidades domésticas","Aįão","Bovespa"
"FIQE3<XBSP>","Unifique","ON","Telecomunicaįões","Aįão","Bovespa"
"UNIP3<XBSP>","Unipar","ON","Químicos","Aįão","Bovespa"
"UNIP5<XBSP>","Unipar","PNA","Químicos","Aįão","Bovespa"
"UNIP6<XBSP>","Unipar","PNB","Químicos","Aįão","Bovespa"
"UOLL3<XBSP>","Uol","ON","-","Aįão","Bovespa"
"UOLL4<XBSP>","Uol","PN","-","Aįão","Bovespa"
"UPKP3<XBSP>","Uptick","ON","Energia elétrica","Aįão","Bovespa"
"USIM3<XBSP>","Usiminas","ON","Siderurgia e metalurgia","Aįão","Bovespa"
"USIM5<XBSP>","Usiminas","PNA","Siderurgia e metalurgia","Aįão","Bovespa"
"USIM6<XBSP>","Usiminas","PNB","Siderurgia e metalurgia","Aįão","Bovespa"
"UCOP3<XBSP>","Usin C Pinto","ON","-","Aįão","Bovespa"
"UCOP4<XBSP>","Usin C Pinto","PN","-","Aįão","Bovespa"
"VALE3<XBSP>","Vale","ON","Mineraįão","Aįão","Bovespa"
"VALE5<XBSP>","Vale","PNA","Mineraįão","Aįão","Bovespa"
"FFTL3<XBSP>","Valefert","ON","-","Aįão","Bovespa"
"FFTL4<XBSP>","Valefert","PN","-","Aįão","Bovespa"
"VLTR3B<XBSP>","Valetron","ON","-","Aįão","Bovespa"
"VLTR5B<XBSP>","Valetron","PNA","-","Aįão","Bovespa"
"VLTR6B<XBSP>","Valetron","PNB","-","Aįão","Bovespa"
"VLID3<XBSP>","Valid","ON","Serviįos diversos","Aįão","Bovespa"
"VAMO3<XBSP>","Vamos","ON","Diversos","Aįão","Bovespa"
"VPSC3<XBSP>","Varig Serv","ON","-","Aįão","Bovespa"
"VPSC4<XBSP>","Varig Serv","PN","-","Aįão","Bovespa"
"VPTA3<XBSP>","Varig Transp","ON","-","Aįão","Bovespa"
"VPTA4<XBSP>","Varig Transp","PN","-","Aįão","Bovespa"
"VASP3<XBSP>","Vasp","ON","-","Aįão","Bovespa"
"NCNE3<XBSP>","VBC Energia","ON","-","Aįão","Bovespa"
"NCNE5<XBSP>","VBC Energia","PNA","-","Aįão","Bovespa"
"VSTE3<XBSP>","Veste","ON","Comércio","Aįão","Bovespa"
"VBBR3<XBSP>","Vibra","ON","Petróleo gás e biocombustíveis","Aįão","Bovespa"
"VINE3<XBSP>","Vicunha Text","ON","-","Aįão","Bovespa"
"VINE5<XBSP>","Vicunha Text","PNA","-","Aįão","Bovespa"
"VINE6<XBSP>","Vicunha Text","PNB","-","Aįão","Bovespa"
"VGOR3<XBSP>","Vigor","ON","-","Aįão","Bovespa"
"VGOR4<XBSP>","Vigor","PN","-","Aįão","Bovespa"
"VIGR3<XBSP>","Vigor Food","ON","-","Aįão","Bovespa"
"VTRU3<XBSP>","Vitrueduca","ON","-","Aįão","Bovespa"
"VITT3<XBSP>","Vittia","ON","Químicos","Aįão","Bovespa"
"VIVA3<XBSP>","Vivara S.A.","ON","Tecidos vestuário e calįados","Aįão","Bovespa"
"VVAX3<XBSP>","Vivax","ON","-","Aįão","Bovespa"
"VVAX4<XBSP>","Vivax","PN","-","Aįão","Bovespa"
"VVAX11<XBSP>","Vivax","UNT N2","-","Aįão","Bovespa"
"VVEO3<XBSP>","Viveo","ON","Comércio e distribuiįão","Aįão","Bovespa"
"VIVR3<XBSP>","Viver","ON","Construįão civil","Aįão","Bovespa"
"VIVO3<XBSP>","Vivo","ON","-","Aįão","Bovespa"
"VIVO4<XBSP>","Vivo","PN","-","Aįão","Bovespa"
"VTEC4<XBSP>","Votec","PN","-","Aįão","Bovespa"
"VULC3<XBSP>","Vulcabras","ON","Tecidos vestuário e calįados","Aįão","Bovespa"
"VULC4<XBSP>","Vulcabras","PN","Tecidos vestuário e calįados","Aįão","Bovespa"
"WDCN3<XBSP>","Wdc Networks","ON","Programas e serviįos","Aįão","Bovespa"
"WEGE3<XBSP>","Weg","ON","Máquinas e equipamentos","Aįão","Bovespa"
"WEGE4<XBSP>","Weg","PN","Máquinas e equipamentos","Aįão","Bovespa"
"WMBY3<XBSP>","Wembley","ON","Tecidos vestuário e calįados","Aįão","Bovespa"
"WMBY4<XBSP>","Wembley","PN","Tecidos vestuário e calįados","Aįão","Bovespa"
"WET4<XBSP>","Wentex","PN","-","Aįão","Bovespa"
"WEST3<XBSP>","Westwing","ON","Programas e serviįos","Aįão","Bovespa"
"MWET3<XBSP>","Wetzel S/A","ON","Material de transporte","Aįão","Bovespa"
"MWET4<XBSP>","Wetzel S/A","PN","Material de transporte","Aįão","Bovespa"
"WHRL3<XBSP>","Whirlpool","ON","Utilidades domésticas","Aįão","Bovespa"
"WHRL4<XBSP>","Whirlpool","PN","Utilidades domésticas","Aįão","Bovespa"
"WHMT3<XBSP>","White Martins","ON","-","Aįão","Bovespa"
"WISA3<XBSP>","Wiest","ON","-","Aįão","Bovespa"
"WISA4<XBSP>","Wiest","PN","-","Aįão","Bovespa"
"PORT3<XBSP>","Wilson Sons","ON","Transporte","Aįão","Bovespa"
"WIZC3<XBSP>","Wiz Co","ON","Previdęncia e seguros","Aįão","Bovespa"
"WLMM3<XBSP>","Wlm Ind Com","ON","Comércio","Aįão","Bovespa"
"WLMM4<XBSP>","Wlm Ind Com","PN","Comércio","Aįão","Bovespa"
"WWOW3<XBSP>","Wow","ON","-","Aįão","Bovespa"
"ILMD3<XBSP>","Yara Brasil","ON","-","Aįão","Bovespa"
"ILMD4<XBSP>","Yara Brasil","PN","-","Aįão","Bovespa"
"YBRA3<XBSP>","Ybyra S/A","ON","Outros","Aįão","Bovespa"
"YDUQ3<XBSP>","Yduqs Part","ON","Diversos","Aįão","Bovespa"
"ESTC4<XBSP>","Yduqs Part","PN","Diversos","Aįão","Bovespa"
"ESTC11<XBSP>","Yduqs Part","UNT N2","Diversos","Aįão","Bovespa"
"OPZI3B<XBSP>","Zain Part","ON","Outros","Aįão","Bovespa"
"ZAMP3<XBSP>","Zamp S.A.","ON","Hotéis e restaurantes","Aįão","Bovespa"
"ZIVI4<XBSP>","Zivi","PN","-","Aįão","Bovespa"
